id,name,url,type
1,India,http://dbpedia.org/resource/India,country
2,China,http://dbpedia.org/resource/China,country
3,Angola,http://dbpedia.org/resource/Angola,country
4,Austria,http://dbpedia.org/resource/Austria,country
5,Azerbaijan,http://dbpedia.org/resource/Azerbaijan,country
6,Bolivia,http://dbpedia.org/resource/Bolivia,country
7,Bosnia_and_Herzegovina,http://dbpedia.org/resource/Bosnia_and_Herzegovina,country
8,Bulgaria,http://dbpedia.org/resource/Bulgaria,country
9,Chad,http://dbpedia.org/resource/Chad,country
10,Croatia,http://dbpedia.org/resource/Croatia,country
11,Denmark,http://dbpedia.org/resource/Denmark,country
12,Dominican_Republic,http://dbpedia.org/resource/Dominican_Republic,country
13,El_Salvador,http://dbpedia.org/resource/El_Salvador,country
14,Estonia,http://dbpedia.org/resource/Estonia,country
15,Finland,http://dbpedia.org/resource/Finland,country
16,Honduras,http://dbpedia.org/resource/Honduras,country
17,Hong_Kong,http://dbpedia.org/resource/Hong_Kong,country
18,Israel,http://dbpedia.org/resource/Israel,country
19,Jordan,http://dbpedia.org/resource/Jordan,country
20,Laos,http://dbpedia.org/resource/Laos,country
21,Latvia,http://dbpedia.org/resource/Latvia,country
22,Liberia,http://dbpedia.org/resource/Liberia,country
23,Libya,http://dbpedia.org/resource/Libya,country
24,Lithuania,http://dbpedia.org/resource/Lithuania,country
25,Malta,http://dbpedia.org/resource/Malta,country
26,Mauritania,http://dbpedia.org/resource/Mauritania,country
27,Mauritius,http://dbpedia.org/resource/Mauritius,country
28,Mongolia,http://dbpedia.org/resource/Mongolia,country
29,Namibia,http://dbpedia.org/resource/Namibia,country
30,New_Zealand,http://dbpedia.org/resource/New_Zealand,country
31,Nicaragua,http://dbpedia.org/resource/Nicaragua,country
32,Northern_Ireland,http://dbpedia.org/resource/Northern_Ireland,country
33,Norway,http://dbpedia.org/resource/Norway,country
34,Oman,http://dbpedia.org/resource/Oman,country
35,Panama,http://dbpedia.org/resource/Panama,country
36,Papua_New_Guinea,http://dbpedia.org/resource/Papua_New_Guinea,country
37,Puerto_Rico,http://dbpedia.org/resource/Puerto_Rico,country
38,Republic_of_Ireland,http://dbpedia.org/resource/Republic_of_Ireland,country
39,Republic_of_Macedonia,http://dbpedia.org/resource/Republic_of_Macedonia,country
40,Rwanda,http://dbpedia.org/resource/Rwanda,country
41,Scotland,http://dbpedia.org/resource/Scotland,country
42,Singapore,http://dbpedia.org/resource/Singapore,country
43,Slovakia,http://dbpedia.org/resource/Slovakia,country
44,Slovenia,http://dbpedia.org/resource/Slovenia,country
45,Swaziland,http://dbpedia.org/resource/Swaziland,country
46,Switzerland,http://dbpedia.org/resource/Switzerland,country
47,Tajikistan,http://dbpedia.org/resource/Tajikistan,country
48,Uruguay,http://dbpedia.org/resource/Uruguay,country
49,Wales,http://dbpedia.org/resource/Wales,country
50,Brazil,http://dbpedia.org/resource/Brazil,country
51,Germany,http://dbpedia.org/resource/Germany,country
52,Indonesia,http://dbpedia.org/resource/Indonesia,country
53,Japan,http://dbpedia.org/resource/Japan,country
54,Mexico,http://dbpedia.org/resource/Mexico,country
55,Pakistan,http://dbpedia.org/resource/Pakistan,country
56,Philippines,http://dbpedia.org/resource/Philippines,country
57,Russia,http://dbpedia.org/resource/Russia,country
58,United_States,http://dbpedia.org/resource/United_States,country
59,Vietnam,http://dbpedia.org/resource/Vietnam,country
60,Afghanistan,http://dbpedia.org/resource/Afghanistan,country
61,Algeria,http://dbpedia.org/resource/Algeria,country
62,Argentina,http://dbpedia.org/resource/Argentina,country
63,Australia,http://dbpedia.org/resource/Australia,country
64,Belarus,http://dbpedia.org/resource/Belarus,country
65,Belgium,http://dbpedia.org/resource/Belgium,country
66,Burma,http://dbpedia.org/resource/Burma,country
67,Canada,http://dbpedia.org/resource/Canada,country
68,Cambodia,http://dbpedia.org/resource/Cambodia,country
69,Cameroon,http://dbpedia.org/resource/Cameroon,country
70,Chile,http://dbpedia.org/resource/Chile,country
71,Colombia,http://dbpedia.org/resource/Colombia,country
72,Cuba,http://dbpedia.org/resource/Cuba,country
73,Czech_Republic,http://dbpedia.org/resource/Czech_Republic,country
74,Democratic_Republic_of_the_Congo,http://dbpedia.org/resource/Democratic_Republic_of_the_Congo,country
75,Egypt,http://dbpedia.org/resource/Egypt,country
76,England,http://dbpedia.org/resource/England,country
77,Ethiopia,http://dbpedia.org/resource/Ethiopia,country
78,France,http://dbpedia.org/resource/France,country
79,Greece,http://dbpedia.org/resource/Greece,country
80,Hungary,http://dbpedia.org/resource/Hungary,country
81,Iran,http://dbpedia.org/resource/Iran,country
82,Italy,http://dbpedia.org/resource/Italy,country
83,Kazakhstan,http://dbpedia.org/resource/Kazakhstan,country
84,Kenya,http://dbpedia.org/resource/Kenya,country
85,Madagascar,http://dbpedia.org/resource/Madagascar,country
86,Malaysia,http://dbpedia.org/resource/Malaysia,country
87,Moldova,http://dbpedia.org/resource/Moldova,country
88,Morocco,http://dbpedia.org/resource/Morocco,country
89,Nepal,http://dbpedia.org/resource/Nepal,country
90,Netherlands,http://dbpedia.org/resource/Netherlands,country
91,Niger,http://dbpedia.org/resource/Niger,country
92,Peru,http://dbpedia.org/resource/Peru,country
93,Poland,http://dbpedia.org/resource/Poland,country
94,Portugal,http://dbpedia.org/resource/Portugal,country
95,Taiwan,http://dbpedia.org/resource/Taiwan,country
96,Romania,http://dbpedia.org/resource/Romania,country
97,Senegal,http://dbpedia.org/resource/Senegal,country
98,South_Africa,http://dbpedia.org/resource/South_Africa,country
99,South_Korea,http://dbpedia.org/resource/South_Korea,country
100,Spain,http://dbpedia.org/resource/Spain,country
101,Sri_Lanka,http://dbpedia.org/resource/Sri_Lanka,country
102,Sweden,http://dbpedia.org/resource/Sweden,country
103,Tanzania,http://dbpedia.org/resource/Tanzania,country
104,Thailand,http://dbpedia.org/resource/Thailand,country
105,Tunisia,http://dbpedia.org/resource/Tunisia,country
106,Turkey,http://dbpedia.org/resource/Turkey,country
107,Ukraine,http://dbpedia.org/resource/Ukraine,country
108,United_Kingdom,http://dbpedia.org/resource/United_Kingdom,country
109,Venezuela,http://dbpedia.org/resource/Venezuela,country
110,Yemen,http://dbpedia.org/resource/Yemen,country
111,Zambia,http://dbpedia.org/resource/Zambia,country
112,Pondicherry,http://dbpedia.org/resource/Pondicherry,city
113,Rewari,http://dbpedia.org/resource/Rewari,city
114,Mysore,http://dbpedia.org/resource/Mysore,city
115,Thane,http://dbpedia.org/resource/Thane,city
116,Shibpur,http://dbpedia.org/resource/Shibpur,city
117,Rohtak,http://dbpedia.org/resource/Rohtak,city
118,Jiaganj_Azimganj,http://dbpedia.org/resource/Jiaganj_Azimganj,city
119,Andhra_Pradesh,http://dbpedia.org/resource/Andhra_Pradesh,city
120,Shillong,http://dbpedia.org/resource/Shillong,city
121,Baharampur,http://dbpedia.org/resource/Baharampur,city
122,Bhopal,http://dbpedia.org/resource/Bhopal,city
123,Tezpur,http://dbpedia.org/resource/Tezpur,city
124,Rourkela,http://dbpedia.org/resource/Rourkela,city
125,Chennai,http://dbpedia.org/resource/Chennai,city
126,Noida,http://dbpedia.org/resource/Noida,city
127,Jammu,http://dbpedia.org/resource/Jammu,city
128,Kalyani,http://dbpedia.org/resource/Kalyani,city
129,Delhi,http://dbpedia.org/resource/Delhi,city
130,Gobichettipalayam,http://dbpedia.org/resource/Gobichettipalayam,city
131,Kochi,http://dbpedia.org/resource/Kochi,city
132,Srinagar,http://dbpedia.org/resource/Srinagar,city
133,Ahmedabad,http://dbpedia.org/resource/Ahmedabad,city
134,Pune,http://dbpedia.org/resource/Pune,city
135,Haldia,http://dbpedia.org/resource/Haldia,city
136,Nagpur,http://dbpedia.org/resource/Nagpur,city
137,Kakinada,http://dbpedia.org/resource/Kakinada,city
138,Berhampur,http://dbpedia.org/resource/Berhampur,city
139,Darbhanga,http://dbpedia.org/resource/Darbhanga,city
140,Thirthahalli,http://dbpedia.org/resource/Thirthahalli,city
141,Bikaner,http://dbpedia.org/resource/Bikaner,city
142,Vellore,http://dbpedia.org/resource/Vellore,city
143,Surat,http://dbpedia.org/resource/Surat,city
144,Anantapur,http://dbpedia.org/resource/Anantapur,city
145,Cooch_Behar,http://dbpedia.org/resource/Cooch_Behar,city
146,Hubli,http://dbpedia.org/resource/Hubli,city
147,Hamirpur,http://dbpedia.org/resource/Hamirpur,city
148,Kanpur,http://dbpedia.org/resource/Kanpur,city
149,Tiruchirappalli,http://dbpedia.org/resource/Tiruchirappalli,city
150,Ujjain,http://dbpedia.org/resource/Ujjain,city
151,Visakhapatnam,http://dbpedia.org/resource/Visakhapatnam,city
152,Gandhinagar,http://dbpedia.org/resource/Gandhinagar,city
153,Kannur,http://dbpedia.org/resource/Kannur,city
154,Agra,http://dbpedia.org/resource/Agra,city
155,Loni,http://dbpedia.org/resource/Loni,city
156,Jind,http://dbpedia.org/resource/Jind,city
157,Durgapur,http://dbpedia.org/resource/Durgapur,city
158,Sangrur,http://dbpedia.org/resource/Sangrur,city
159,Raichur,http://dbpedia.org/resource/Raichur,city
160,Bardhaman,http://dbpedia.org/resource/Bardhaman,city
161,Moga,http://dbpedia.org/resource/Moga,city
162,Amritsar,http://dbpedia.org/resource/Amritsar,city
163,Srikakulam,http://dbpedia.org/resource/Srikakulam,city
164,Anantapur_district,http://dbpedia.org/resource/Anantapur_district,city
165,Kolkata,http://dbpedia.org/resource/Kolkata,city
166,Orissa,http://dbpedia.org/resource/Orissa,city
167,Kalady,http://dbpedia.org/resource/Kalady,city
168,Coimbatore,http://dbpedia.org/resource/Coimbatore,city
169,Gurgaon,http://dbpedia.org/resource/Gurgaon,city
170,Purulia,http://dbpedia.org/resource/Purulia,city
171,Kodambakkam,http://dbpedia.org/resource/Kodambakkam,city
172,Jodhpur,http://dbpedia.org/resource/Jodhpur,city
173,Mahishadal,http://dbpedia.org/resource/Mahishadal,city
174,Kurukshetra,http://dbpedia.org/resource/Kurukshetra,city
175,Meerut,http://dbpedia.org/resource/Meerut,city
176,Faizabad,http://dbpedia.org/resource/Faizabad,city
177,Bangalore,http://dbpedia.org/resource/Bangalore,city
178,Kota,http://dbpedia.org/resource/Kota,city
179,Lucknow,http://dbpedia.org/resource/Lucknow,city
180,Kalimpong,http://dbpedia.org/resource/Kalimpong,city
181,Cuttack,http://dbpedia.org/resource/Cuttack,city
182,Alappuzha,http://dbpedia.org/resource/Alappuzha,city
183,Davangere,http://dbpedia.org/resource/Davangere,city
184,Siliguri,http://dbpedia.org/resource/Siliguri,city
185,Bidar,http://dbpedia.org/resource/Bidar,city
186,Puttur,http://dbpedia.org/resource/Puttur,city
187,Maharashtra,http://dbpedia.org/resource/Maharashtra,city
188,Kolhapur,http://dbpedia.org/resource/Kolhapur,city
189,Habra,http://dbpedia.org/resource/Habra,city
190,Bihar,http://dbpedia.org/resource/Bihar,city
191,Hyderabad,http://dbpedia.org/resource/Hyderabad,city
192,Kadapa,http://dbpedia.org/resource/Kadapa,city
193,Bhilai,http://dbpedia.org/resource/Bhilai,city
194,Tirunelveli,http://dbpedia.org/resource/Tirunelveli,city
195,Moradabad,http://dbpedia.org/resource/Moradabad,city
196,Tiruvallur_district,http://dbpedia.org/resource/Tiruvallur_district,city
197,Nashik,http://dbpedia.org/resource/Nashik,city
198,Anand,http://dbpedia.org/resource/Anand,city
199,Sion,http://dbpedia.org/resource/Sion,city
200,Aizawl,http://dbpedia.org/resource/Aizawl,city
201,Jhansi,http://dbpedia.org/resource/Jhansi,city
202,Serampore,http://dbpedia.org/resource/Serampore,city
203,Asansol,http://dbpedia.org/resource/Asansol,city
204,Varanasi,http://dbpedia.org/resource/Varanasi,city
205,Navi_Mumbai,http://dbpedia.org/resource/Navi_Mumbai,city
206,Vadodara,http://dbpedia.org/resource/Vadodara,city
207,Patna,http://dbpedia.org/resource/Patna,city
208,Jajapur,http://dbpedia.org/resource/Jajapur,city
209,Bareilly,http://dbpedia.org/resource/Bareilly,city
210,Tamil_Nadu,http://dbpedia.org/resource/Tamil_Nadu,city
211,Ranchi,http://dbpedia.org/resource/Ranchi,city
212,Gulbarga,http://dbpedia.org/resource/Gulbarga,city
213,Erode,http://dbpedia.org/resource/Erode,city
214,Arambag,http://dbpedia.org/resource/Arambag,city
215,Howrah,http://dbpedia.org/resource/Howrah,city
216,Jaipur,http://dbpedia.org/resource/Jaipur,city
217,Kasaragod,http://dbpedia.org/resource/Kasaragod,city
218,Vallabh_Vidhyanagar,http://dbpedia.org/resource/Vallabh_Vidhyanagar,city
219,Suri,http://dbpedia.org/resource/Suri,city
220,Assam,http://dbpedia.org/resource/Assam,city
221,Greater_Noida,http://dbpedia.org/resource/Greater_Noida,city
222,Jorhat,http://dbpedia.org/resource/Jorhat,city
223,Allahabad,http://dbpedia.org/resource/Allahabad,city
224,Rajasthan,http://dbpedia.org/resource/Rajasthan,city
225,Aurangabad,http://dbpedia.org/resource/Aurangabad,city
226,Hisar,http://dbpedia.org/resource/Hisar,city
227,Haldwani,http://dbpedia.org/resource/Haldwani,city
228,Dum_Dum,http://dbpedia.org/resource/Dum_Dum,city
229,Vijayawada,http://dbpedia.org/resource/Vijayawada,city
230,Solapur,http://dbpedia.org/resource/Solapur,city
231,Malappuram,http://dbpedia.org/resource/Malappuram,city
232,Thanjavur,http://dbpedia.org/resource/Thanjavur,city
233,Dharwad,http://dbpedia.org/resource/Dharwad,city
234,Nalgonda,http://dbpedia.org/resource/Nalgonda,city
235,English_Bazar,http://dbpedia.org/resource/English_Bazar,city
236,Bankura,http://dbpedia.org/resource/Bankura,city
237,Belgaum,http://dbpedia.org/resource/Belgaum,city
238,Namakkal,http://dbpedia.org/resource/Namakkal,city
239,Balasore,http://dbpedia.org/resource/Balasore,city
240,Palayamkottai,http://dbpedia.org/resource/Palayamkottai,city
241,Chetpet,http://dbpedia.org/resource/Chetpet,city
242,Mangalore,http://dbpedia.org/resource/Mangalore,city
243,Nellore,http://dbpedia.org/resource/Nellore,city
244,Patiala,http://dbpedia.org/resource/Patiala,city
245,Madurai,http://dbpedia.org/resource/Madurai,city
246,Karaikudi,http://dbpedia.org/resource/Karaikudi,city
247,Karnataka,http://dbpedia.org/resource/Karnataka,city
248,Bahadurgarh,http://dbpedia.org/resource/Bahadurgarh,city
249,Silchar,http://dbpedia.org/resource/Silchar,city
250,Kandivali,http://dbpedia.org/resource/Kandivali,city
251,Ghaziabad,http://dbpedia.org/resource/Ghaziabad,city
252,Rajahmundry,http://dbpedia.org/resource/Rajahmundry,city
253,Dehradun,http://dbpedia.org/resource/Dehradun,city
254,Kozhikode,http://dbpedia.org/resource/Kozhikode,city
255,Salem,http://dbpedia.org/resource/Salem,city
256,Barasat,http://dbpedia.org/resource/Barasat,city
257,Guwahati,http://dbpedia.org/resource/Guwahati,city
258,Shimoga,http://dbpedia.org/resource/Shimoga,city
259,Kollam,http://dbpedia.org/resource/Kollam,city
260,Krishnanagar,http://dbpedia.org/resource/Krishnanagar,city
261,Ernakulam,http://dbpedia.org/resource/Ernakulam,city
262,Mumbai,http://dbpedia.org/resource/Mumbai,city
263,Talcher,http://dbpedia.org/resource/Talcher,city
264,Warangal,http://dbpedia.org/resource/Warangal,city
265,Goa,http://dbpedia.org/resource/Goa,city
266,Ajmer,http://dbpedia.org/resource/Ajmer,city
267,Raipur,http://dbpedia.org/resource/Raipur,city
268,Kerala,http://dbpedia.org/resource/Kerala,city
269,Jalpaiguri,http://dbpedia.org/resource/Jalpaiguri,city
270,Brahmavar,http://dbpedia.org/resource/Brahmavar,city
271,Manipal,http://dbpedia.org/resource/Manipal,city
272,Udaipur,http://dbpedia.org/resource/Udaipur,city
273,Tiruvallur,http://dbpedia.org/resource/Tiruvallur,city
274,Dhenkanal,http://dbpedia.org/resource/Dhenkanal,city
275,Thrissur,http://dbpedia.org/resource/Thrissur,city
276,Bandra,http://dbpedia.org/resource/Bandra,city
277,Chandigarh,http://dbpedia.org/resource/Chandigarh,city
278,Munsirhat,http://dbpedia.org/resource/Munsirhat,city
279,Tirupati,http://dbpedia.org/resource/Tirupati,city
280,Midnapore,http://dbpedia.org/resource/Midnapore,city
281,Poonamallee,http://dbpedia.org/resource/Poonamallee,city
282,Nalanda,http://dbpedia.org/resource/Nalanda,city
283,Jabalpur,http://dbpedia.org/resource/Jabalpur,city
284,Faridabad,http://dbpedia.org/resource/Faridabad,city
285,Rupnagar,http://dbpedia.org/resource/Rupnagar,city
286,Guntur,http://dbpedia.org/resource/Guntur,city
287,Kottayam,http://dbpedia.org/resource/Kottayam,city
288,Bhubaneswar,http://dbpedia.org/resource/Bhubaneswar,city
289,Fatehgarh_Sahib,http://dbpedia.org/resource/Fatehgarh_Sahib,city
290,Barrackpore,http://dbpedia.org/resource/Barrackpore,city
291,Gaya,http://dbpedia.org/resource/Gaya,city
292,Kashipur,http://dbpedia.org/resource/Kashipur,city
293,Gangtok,http://dbpedia.org/resource/Gangtok,city
294,Nerul,http://dbpedia.org/resource/Nerul,city
295,Bilaspur,http://dbpedia.org/resource/Bilaspur,city
296,Thiruchendur,http://dbpedia.org/resource/Thiruchendur,city
297,Gwalior,http://dbpedia.org/resource/Gwalior,city
298,Gujarat,http://dbpedia.org/resource/Gujarat,city
299,Indore,http://dbpedia.org/resource/Indore,city
300,Palakkad,http://dbpedia.org/resource/Palakkad,city
301,New_Delhi,http://dbpedia.org/resource/New_Delhi,city
302,Secunderabad,http://dbpedia.org/resource/Secunderabad,city
303,Durg,http://dbpedia.org/resource/Durg,city
304,Raniganj,http://dbpedia.org/resource/Raniganj,city
305,Thiruvananthapuram,http://dbpedia.org/resource/Thiruvananthapuram,city
306,Jamshedpur,http://dbpedia.org/resource/Jamshedpur,city
307,Bhagalpur,http://dbpedia.org/resource/Bhagalpur,city
308,Aligarh,http://dbpedia.org/resource/Aligarh,city
309,Sambalpur,http://dbpedia.org/resource/Sambalpur,city
310,Latur,http://dbpedia.org/resource/Latur,city
311,Zhengzhou,http://dbpedia.org/resource/Zhengzhou,city
312,Chishui,http://dbpedia.org/resource/Chishui,city
313,Donggang,http://dbpedia.org/resource/Donggang,city
314,Dandong,http://dbpedia.org/resource/Dandong,city
315,Chaohu,http://dbpedia.org/resource/Chaohu,city
316,Changji,http://dbpedia.org/resource/Changji,city
317,Bayannur,http://dbpedia.org/resource/Bayannur,city
318,Zhangzhou,http://dbpedia.org/resource/Zhangzhou,city
319,Huanggang,http://dbpedia.org/resource/Huanggang,city
320,Genhe,http://dbpedia.org/resource/Genhe,city
321,Baicheng,http://dbpedia.org/resource/Baicheng,city
322,Shenzhen,http://dbpedia.org/resource/Shenzhen,city
323,Deyang,http://dbpedia.org/resource/Deyang,city
324,Baiyin,http://dbpedia.org/resource/Baiyin,city
325,Bole,http://dbpedia.org/resource/Bole,city
326,Xi'an,http://dbpedia.org/resource/Xi'an,city
327,Ezhou,http://dbpedia.org/resource/Ezhou,city
328,Baoshan,http://dbpedia.org/resource/Baoshan,city
329,Baotou,http://dbpedia.org/resource/Baotou,city
330,Danyang,http://dbpedia.org/resource/Danyang,city
331,Changzhi,http://dbpedia.org/resource/Changzhi,city
332,Yueyang,http://dbpedia.org/resource/Yueyang,city
333,Diaobingshan,http://dbpedia.org/resource/Diaobingshan,city
334,Fuyang,http://dbpedia.org/resource/Fuyang,city
335,Dingxi,http://dbpedia.org/resource/Dingxi,city
336,Dunhuang,http://dbpedia.org/resource/Dunhuang,city
337,Nanning,http://dbpedia.org/resource/Nanning,city
338,Altay,http://dbpedia.org/resource/Altay,city
339,Fuqing,http://dbpedia.org/resource/Fuqing,city
340,Bei'an,http://dbpedia.org/resource/Bei'an,city
341,Anguo,http://dbpedia.org/resource/Anguo,city
342,Beihai,http://dbpedia.org/resource/Beihai,city
343,Daye,http://dbpedia.org/resource/Daye,city
344,Xinzheng,http://dbpedia.org/resource/Xinzheng,city
345,Harbin,http://dbpedia.org/resource/Harbin,city
346,Anshan,http://dbpedia.org/resource/Anshan,city
347,Duyun,http://dbpedia.org/resource/Duyun,city
348,Dongtai,http://dbpedia.org/resource/Dongtai,city
349,Xinxiang,http://dbpedia.org/resource/Xinxiang,city
350,Macau,http://dbpedia.org/resource/Macau,city
351,Da'an,http://dbpedia.org/resource/Da'an,city
352,Shenyang,http://dbpedia.org/resource/Shenyang,city
353,Dengta,http://dbpedia.org/resource/Dengta,city
354,Bijie,http://dbpedia.org/resource/Bijie,city
355,Aral,http://dbpedia.org/resource/Aral,city
356,Fujin,http://dbpedia.org/resource/Fujin,city
357,Chuzhou,http://dbpedia.org/resource/Chuzhou,city
358,Cenxi,http://dbpedia.org/resource/Cenxi,city
359,Songjiang_District,http://dbpedia.org/resource/Songjiang_District,city
360,Benxi,http://dbpedia.org/resource/Benxi,city
361,Datong,http://dbpedia.org/resource/Datong,city
362,Changde,http://dbpedia.org/resource/Changde,city
363,Bazhong,http://dbpedia.org/resource/Bazhong,city
364,Guilin,http://dbpedia.org/resource/Guilin,city
365,Mbabane,http://dbpedia.org/resource/Mbabane,city
366,Gaocheng,http://dbpedia.org/resource/Gaocheng,city
367,Anshun,http://dbpedia.org/resource/Anshun,city
368,Baise,http://dbpedia.org/resource/Baise,city
369,Dujiangyan,http://dbpedia.org/resource/Dujiangyan,city
370,Fangchenggang,http://dbpedia.org/resource/Fangchenggang,city
371,Erenhot,http://dbpedia.org/resource/Erenhot,city
372,Baoding,http://dbpedia.org/resource/Baoding,city
373,Ergun,http://dbpedia.org/resource/Ergun,city
374,Dunhua,http://dbpedia.org/resource/Dunhua,city
375,Gaoping,http://dbpedia.org/resource/Gaoping,city
376,Guangzhou,http://dbpedia.org/resource/Guangzhou,city
377,Hefei,http://dbpedia.org/resource/Hefei,city
378,Changle,http://dbpedia.org/resource/Changle,city
379,Luoyang,http://dbpedia.org/resource/Luoyang,city
380,Beipiao,http://dbpedia.org/resource/Beipiao,city
381,Dezhou,http://dbpedia.org/resource/Dezhou,city
382,Chongzuo,http://dbpedia.org/resource/Chongzuo,city
383,Baoji,http://dbpedia.org/resource/Baoji,city
384,Chenzhou,http://dbpedia.org/resource/Chenzhou,city
385,Pudong,http://dbpedia.org/resource/Pudong,city
386,Shijiazhuang,http://dbpedia.org/resource/Shijiazhuang,city
387,Hangzhou,http://dbpedia.org/resource/Hangzhou,city
388,Fuzhou,http://dbpedia.org/resource/Fuzhou,city
389,Changzhou,http://dbpedia.org/resource/Changzhou,city
390,Taiyuan,http://dbpedia.org/resource/Taiyuan,city
391,Foshan,http://dbpedia.org/resource/Foshan,city
392,Ankang,http://dbpedia.org/resource/Ankang,city
393,Gejiu,http://dbpedia.org/resource/Gejiu,city
394,Dongyang,http://dbpedia.org/resource/Dongyang,city
395,Anning,http://dbpedia.org/resource/Anning,city
396,Dexing,http://dbpedia.org/resource/Dexing,city
397,Zhuhai,http://dbpedia.org/resource/Zhuhai,city
398,Gaomi,http://dbpedia.org/resource/Gaomi,city
399,Ürümqi,http://dbpedia.org/resource/Ürümqi,city
400,Beiliu,http://dbpedia.org/resource/Beiliu,city
401,Fuquan,http://dbpedia.org/resource/Fuquan,city
402,Chaozhou,http://dbpedia.org/resource/Chaozhou,city
403,Conghua,http://dbpedia.org/resource/Conghua,city
404,Dangyang,http://dbpedia.org/resource/Dangyang,city
405,Fukang,http://dbpedia.org/resource/Fukang,city
406,Chaoyang,http://dbpedia.org/resource/Chaoyang,city
407,Fuxin,http://dbpedia.org/resource/Fuxin,city
408,Changyi,http://dbpedia.org/resource/Changyi,city
409,Chongzhou,http://dbpedia.org/resource/Chongzhou,city
410,Enping,http://dbpedia.org/resource/Enping,city
411,Dehui,http://dbpedia.org/resource/Dehui,city
412,Quanzhou,http://dbpedia.org/resource/Quanzhou,city
413,Emeishan,http://dbpedia.org/resource/Emeishan,city
414,Anqiu,http://dbpedia.org/resource/Anqiu,city
415,Beitun,http://dbpedia.org/resource/Beitun,city
416,Changning,http://dbpedia.org/resource/Changning,city
417,Gaizhou,http://dbpedia.org/resource/Gaizhou,city
418,Dongguan,http://dbpedia.org/resource/Dongguan,city
419,Lanzhou,http://dbpedia.org/resource/Lanzhou,city
420,Beibei_District,http://dbpedia.org/resource/Beibei_District,city
421,Shantou,http://dbpedia.org/resource/Shantou,city
422,Dazhou,http://dbpedia.org/resource/Dazhou,city
423,Feicheng,http://dbpedia.org/resource/Feicheng,city
424,Yantai,http://dbpedia.org/resource/Yantai,city
425,Gaoyao,http://dbpedia.org/resource/Gaoyao,city
426,Dali,http://dbpedia.org/resource/Dali,city
427,Kunming,http://dbpedia.org/resource/Kunming,city
428,Fu'an,http://dbpedia.org/resource/Fu'an,city
429,Brooklyn,http://dbpedia.org/resource/Brooklyn,city
430,Botou,http://dbpedia.org/resource/Botou,city
431,Danzhou,http://dbpedia.org/resource/Danzhou,city
432,Bozhou,http://dbpedia.org/resource/Bozhou,city
433,Danjiangkou,http://dbpedia.org/resource/Danjiangkou,city
434,Nanchang,http://dbpedia.org/resource/Nanchang,city
435,Baishan,http://dbpedia.org/resource/Baishan,city
436,Gaozhou,http://dbpedia.org/resource/Gaozhou,city
437,Anda,http://dbpedia.org/resource/Anda,city
438,Arxan,http://dbpedia.org/resource/Arxan,city
439,Changge,http://dbpedia.org/resource/Changge,city
440,Changshu,http://dbpedia.org/resource/Changshu,city
441,Nan'an_District,http://dbpedia.org/resource/Nan'an_District,city
442,Nanchong,http://dbpedia.org/resource/Nanchong,city
443,Putian,http://dbpedia.org/resource/Putian,city
444,Dafeng,http://dbpedia.org/resource/Dafeng,city
445,Dongfang,http://dbpedia.org/resource/Dongfang,city
446,Chizhou,http://dbpedia.org/resource/Chizhou,city
447,Beijing,http://dbpedia.org/resource/Beijing,city
448,Haidian_District,http://dbpedia.org/resource/Haidian_District,city
449,Cixi,http://dbpedia.org/resource/Cixi,city
450,Xiangtan,http://dbpedia.org/resource/Xiangtan,city
451,Dongying,http://dbpedia.org/resource/Dongying,city
452,Fenyang,http://dbpedia.org/resource/Fenyang,city
453,Hengyang,http://dbpedia.org/resource/Hengyang,city
454,Anlu,http://dbpedia.org/resource/Anlu,city
455,Shihezi,http://dbpedia.org/resource/Shihezi,city
456,Golmud,http://dbpedia.org/resource/Golmud,city
457,Fuyu,http://dbpedia.org/resource/Fuyu,city
458,Gaobeidian,http://dbpedia.org/resource/Gaobeidian,city
459,Tianjin,http://dbpedia.org/resource/Tianjin,city
460,Shanghai,http://dbpedia.org/resource/Shanghai,city
461,Beizhen,http://dbpedia.org/resource/Beizhen,city
462,Cangzhou,http://dbpedia.org/resource/Cangzhou,city
463,"Fuzhou,","http://dbpedia.org/resource/Fuzhou,",city
464,"Fengcheng,","http://dbpedia.org/resource/Fengcheng,",city
465,Chibi,http://dbpedia.org/resource/Chibi,city
466,Fengzhen,http://dbpedia.org/resource/Fengzhen,city
467,Chuxiong,http://dbpedia.org/resource/Chuxiong,city
468,Qiqihar,http://dbpedia.org/resource/Qiqihar,city
469,Alashankou,http://dbpedia.org/resource/Alashankou,city
470,Huainan,http://dbpedia.org/resource/Huainan,city
471,Ma'anshan,http://dbpedia.org/resource/Ma'anshan,city
472,Changchun,http://dbpedia.org/resource/Changchun,city
473,Wuhan,http://dbpedia.org/resource/Wuhan,city
474,Gaoyou,http://dbpedia.org/resource/Gaoyou,city
475,Yinchuan,http://dbpedia.org/resource/Yinchuan,city
476,Fushun,http://dbpedia.org/resource/Fushun,city
477,Dongxing,http://dbpedia.org/resource/Dongxing,city
478,Chifeng,http://dbpedia.org/resource/Chifeng,city
479,Qingdao,http://dbpedia.org/resource/Qingdao,city
480,Chongqing,http://dbpedia.org/resource/Chongqing,city
481,Fuding,http://dbpedia.org/resource/Fuding,city
482,Dengzhou,http://dbpedia.org/resource/Dengzhou,city
483,Gongyi,http://dbpedia.org/resource/Gongyi,city
484,Dengfeng,http://dbpedia.org/resource/Dengfeng,city
485,Daqing,http://dbpedia.org/resource/Daqing,city
486,Changsha,http://dbpedia.org/resource/Changsha,city
487,Anqing,http://dbpedia.org/resource/Anqing,city
488,Bazhou,http://dbpedia.org/resource/Bazhou,city
489,Dingzhou,http://dbpedia.org/resource/Dingzhou,city
490,Suzhou,http://dbpedia.org/resource/Suzhou,city
491,Fuling_District,http://dbpedia.org/resource/Fuling_District,city
492,Anyang,http://dbpedia.org/resource/Anyang,city
493,Dalian,http://dbpedia.org/resource/Dalian,city
494,Enshi,http://dbpedia.org/resource/Enshi,city
495,Chengdu,http://dbpedia.org/resource/Chengdu,city
496,Binzhou,http://dbpedia.org/resource/Binzhou,city
497,"Fuyang,","http://dbpedia.org/resource/Fuyang,",city
498,Jinan,http://dbpedia.org/resource/Jinan,city
499,Nanjing,http://dbpedia.org/resource/Nanjing,city
500,Bengbu,http://dbpedia.org/resource/Bengbu,city
501,Ganzhou,http://dbpedia.org/resource/Ganzhou,city
502,Chengde,http://dbpedia.org/resource/Chengde,city
503,Kowloon,http://dbpedia.org/resource/Kowloon,city
504,Fenghua,http://dbpedia.org/resource/Fenghua,city
505,Gao'an,http://dbpedia.org/resource/Gao'an,city
506,Artux,http://dbpedia.org/resource/Artux,city
507,Dashiqiao,http://dbpedia.org/resource/Dashiqiao,city
508,Shanxi,http://dbpedia.org/resource/Shanxi,city
509,Luanda,http://dbpedia.org/resource/Luanda,city
510,Vienna,http://dbpedia.org/resource/Vienna,city
511,Baku,http://dbpedia.org/resource/Baku,city
512,Carmen_Pampa,http://dbpedia.org/resource/Carmen_Pampa,city
513,Sarajevo,http://dbpedia.org/resource/Sarajevo,city
514,Sofia,http://dbpedia.org/resource/Sofia,city
515,ChadCity,http://dbpedia.org/resource/ChadCity,city
516,Zagreb,http://dbpedia.org/resource/Zagreb,city
517,Copenhagen,http://dbpedia.org/resource/Copenhagen,city
518,Santo_Domingo,http://dbpedia.org/resource/Santo_Domingo,city
519,San_Salvador,http://dbpedia.org/resource/San_Salvador,city
520,Tallinn,http://dbpedia.org/resource/Tallinn,city
521,Helsinki,http://dbpedia.org/resource/Helsinki,city
522,Tegucigalpa,http://dbpedia.org/resource/Tegucigalpa,city
523,Ma_Liu_Shui,http://dbpedia.org/resource/Ma_Liu_Shui,city
524,Jerusalem,http://dbpedia.org/resource/Jerusalem,city
525,Amman,http://dbpedia.org/resource/Amman,city
526,Vientiane,http://dbpedia.org/resource/Vientiane,city
527,Riga,http://dbpedia.org/resource/Riga,city
528,Monrovia,http://dbpedia.org/resource/Monrovia,city
529,Benghazi,http://dbpedia.org/resource/Benghazi,city
530,Vilnius,http://dbpedia.org/resource/Vilnius,city
531,San_Gwann,http://dbpedia.org/resource/San_Gwann,city
532,Nouakchott,http://dbpedia.org/resource/Nouakchott,city
533,Moka,http://dbpedia.org/resource/Moka,city
534,Ulan_Bator,http://dbpedia.org/resource/Ulan_Bator,city
535,Windhoek,http://dbpedia.org/resource/Windhoek,city
536,Auckland,http://dbpedia.org/resource/Auckland,city
537,Managua,http://dbpedia.org/resource/Managua,city
538,Belfast,http://dbpedia.org/resource/Belfast,city
539,Oslo,http://dbpedia.org/resource/Oslo,city
540,Muscat,http://dbpedia.org/resource/Muscat,city
541,Panama_City,http://dbpedia.org/resource/Panama_City,city
542,Port_Moresby,http://dbpedia.org/resource/Port_Moresby,city
543,Ponce,http://dbpedia.org/resource/Ponce,city
544,Dublin,http://dbpedia.org/resource/Dublin,city
545,Skopje,http://dbpedia.org/resource/Skopje,city
546,Butare,http://dbpedia.org/resource/Butare,city
547,Glasgow,http://dbpedia.org/resource/Glasgow,city
548,SingaporeCity,http://dbpedia.org/resource/SingaporeCity,city
549,Bratislava,http://dbpedia.org/resource/Bratislava,city
550,Ljubljana,http://dbpedia.org/resource/Ljubljana,city
551,Kwaluseni,http://dbpedia.org/resource/Kwaluseni,city
552,Geneva,http://dbpedia.org/resource/Geneva,city
553,Dushanbe,http://dbpedia.org/resource/Dushanbe,city
554,Montevideo,http://dbpedia.org/resource/Montevideo,city
555,Swansea,http://dbpedia.org/resource/Swansea,city
556,Guanhães,http://dbpedia.org/resource/Guanhães,city
557,Santos,http://dbpedia.org/resource/Santos,city
558,São_Luís,http://dbpedia.org/resource/São_Luís,city
559,Novo_Hamburgo,http://dbpedia.org/resource/Novo_Hamburgo,city
560,Rio_de_Janeiro,http://dbpedia.org/resource/Rio_de_Janeiro,city
561,Petrópolis,http://dbpedia.org/resource/Petrópolis,city
562,Passos,http://dbpedia.org/resource/Passos,city
563,Curitiba,http://dbpedia.org/resource/Curitiba,city
564,Poços_de_Caldas,http://dbpedia.org/resource/Poços_de_Caldas,city
565,Santa_Maria,http://dbpedia.org/resource/Santa_Maria,city
566,Goiânia,http://dbpedia.org/resource/Goiânia,city
567,Londrina,http://dbpedia.org/resource/Londrina,city
568,Diamantina,http://dbpedia.org/resource/Diamantina,city
569,Feira_de_Santana,http://dbpedia.org/resource/Feira_de_Santana,city
570,João_Monlevade,http://dbpedia.org/resource/João_Monlevade,city
571,Barbacena,http://dbpedia.org/resource/Barbacena,city
572,Manaus,http://dbpedia.org/resource/Manaus,city
573,Campinas,http://dbpedia.org/resource/Campinas,city
574,São_Carlos,http://dbpedia.org/resource/São_Carlos,city
575,Carangola,http://dbpedia.org/resource/Carangola,city
576,Bagé,http://dbpedia.org/resource/Bagé,city
577,Lorena,http://dbpedia.org/resource/Lorena,city
578,Campos_dos_Goytacazes,http://dbpedia.org/resource/Campos_dos_Goytacazes,city
579,Salvador,http://dbpedia.org/resource/Salvador,city
580,Ribeirão_Preto,http://dbpedia.org/resource/Ribeirão_Preto,city
581,Lavras,http://dbpedia.org/resource/Lavras,city
582,Criciúma,http://dbpedia.org/resource/Criciúma,city
583,São_Paulo,http://dbpedia.org/resource/São_Paulo,city
584,Recife,http://dbpedia.org/resource/Recife,city
585,Porto_Alegre,http://dbpedia.org/resource/Porto_Alegre,city
586,Uberlândia,http://dbpedia.org/resource/Uberlândia,city
587,Belo_Horizonte,http://dbpedia.org/resource/Belo_Horizonte,city
588,Serro,http://dbpedia.org/resource/Serro,city
589,Brasília,http://dbpedia.org/resource/Brasília,city
590,Itajubá,http://dbpedia.org/resource/Itajubá,city
591,Lagoa_da_Prata,http://dbpedia.org/resource/Lagoa_da_Prata,city
592,Campo_Grande,http://dbpedia.org/resource/Campo_Grande,city
593,Niterói,http://dbpedia.org/resource/Niterói,city
594,Pelotas,http://dbpedia.org/resource/Pelotas,city
595,Contagem,http://dbpedia.org/resource/Contagem,city
596,Wernigerode,http://dbpedia.org/resource/Wernigerode,city
597,Greifswald,http://dbpedia.org/resource/Greifswald,city
598,Darmstadt,http://dbpedia.org/resource/Darmstadt,city
599,Friedberg,http://dbpedia.org/resource/Friedberg,city
600,Wedel,http://dbpedia.org/resource/Wedel,city
601,Möckern,http://dbpedia.org/resource/Möckern,city
602,Ingolstadt,http://dbpedia.org/resource/Ingolstadt,city
603,Heidelberg,http://dbpedia.org/resource/Heidelberg,city
604,Speyer,http://dbpedia.org/resource/Speyer,city
605,Lörrach,http://dbpedia.org/resource/Lörrach,city
606,Ludwigsburg,http://dbpedia.org/resource/Ludwigsburg,city
607,Fulda,http://dbpedia.org/resource/Fulda,city
608,Augsburg,http://dbpedia.org/resource/Augsburg,city
609,Berlin,http://dbpedia.org/resource/Berlin,city
610,Munich,http://dbpedia.org/resource/Munich,city
611,Kempten,http://dbpedia.org/resource/Kempten,city
612,Koblenz,http://dbpedia.org/resource/Koblenz,city
613,Trier,http://dbpedia.org/resource/Trier,city
614,Othmarschen,http://dbpedia.org/resource/Othmarschen,city
615,Freiburg_im_Breisgau,http://dbpedia.org/resource/Freiburg_im_Breisgau,city
616,Hamburg,http://dbpedia.org/resource/Hamburg,city
617,Hanover,http://dbpedia.org/resource/Hanover,city
618,Nuremberg,http://dbpedia.org/resource/Nuremberg,city
619,Reutlingen,http://dbpedia.org/resource/Reutlingen,city
620,Ilmenau,http://dbpedia.org/resource/Ilmenau,city
621,Stuttgart,http://dbpedia.org/resource/Stuttgart,city
622,Aachen,http://dbpedia.org/resource/Aachen,city
623,Frankfurt,http://dbpedia.org/resource/Frankfurt,city
624,Flensburg,http://dbpedia.org/resource/Flensburg,city
625,Mannheim,http://dbpedia.org/resource/Mannheim,city
626,Mainz,http://dbpedia.org/resource/Mainz,city
627,Iserlohn,http://dbpedia.org/resource/Iserlohn,city
628,Leipzig,http://dbpedia.org/resource/Leipzig,city
629,Cologne,http://dbpedia.org/resource/Cologne,city
630,Heilbronn,http://dbpedia.org/resource/Heilbronn,city
631,Konstanz,http://dbpedia.org/resource/Konstanz,city
632,Wiesbaden,http://dbpedia.org/resource/Wiesbaden,city
633,Lübeck,http://dbpedia.org/resource/Lübeck,city
634,Kassel,http://dbpedia.org/resource/Kassel,city
635,Weimar,http://dbpedia.org/resource/Weimar,city
636,Gorontalo,http://dbpedia.org/resource/Gorontalo,city
637,West_Java,http://dbpedia.org/resource/West_Java,city
638,Surabaya,http://dbpedia.org/resource/Surabaya,city
639,Depok,http://dbpedia.org/resource/Depok,city
640,Bandar_Lampung,http://dbpedia.org/resource/Bandar_Lampung,city
641,Tangerang,http://dbpedia.org/resource/Tangerang,city
642,Surakarta,http://dbpedia.org/resource/Surakarta,city
643,Makassar,http://dbpedia.org/resource/Makassar,city
644,Yogyakarta,http://dbpedia.org/resource/Yogyakarta,city
645,Bangkalan,http://dbpedia.org/resource/Bangkalan,city
646,Ciputat,http://dbpedia.org/resource/Ciputat,city
647,Manokwari_Regency,http://dbpedia.org/resource/Manokwari_Regency,city
648,Purwokerto,http://dbpedia.org/resource/Purwokerto,city
649,Samarinda,http://dbpedia.org/resource/Samarinda,city
650,Serang,http://dbpedia.org/resource/Serang,city
651,Bali,http://dbpedia.org/resource/Bali,city
652,Padang,http://dbpedia.org/resource/Padang,city
653,Semarang,http://dbpedia.org/resource/Semarang,city
654,Manado,http://dbpedia.org/resource/Manado,city
655,Central_Jakarta,http://dbpedia.org/resource/Central_Jakarta,city
656,Medan,http://dbpedia.org/resource/Medan,city
657,Bengkulu,http://dbpedia.org/resource/Bengkulu,city
658,Manokwari,http://dbpedia.org/resource/Manokwari,city
659,Jakarta,http://dbpedia.org/resource/Jakarta,city
660,Tarakan,http://dbpedia.org/resource/Tarakan,city
661,Bandung,http://dbpedia.org/resource/Bandung,city
662,Banda_Aceh,http://dbpedia.org/resource/Banda_Aceh,city
663,Banjarmasin,http://dbpedia.org/resource/Banjarmasin,city
664,Jambi_City,http://dbpedia.org/resource/Jambi_City,city
665,Pontianak,http://dbpedia.org/resource/Pontianak,city
666,Mataram,http://dbpedia.org/resource/Mataram,city
667,Jimbaran,http://dbpedia.org/resource/Jimbaran,city
668,Ambon,http://dbpedia.org/resource/Ambon,city
669,Badung_Regency,http://dbpedia.org/resource/Badung_Regency,city
670,Kupang,http://dbpedia.org/resource/Kupang,city
671,Magelang,http://dbpedia.org/resource/Magelang,city
672,West_Papua,http://dbpedia.org/resource/West_Papua,city
673,South_Tangerang,http://dbpedia.org/resource/South_Tangerang,city
674,Tegal_Regency,http://dbpedia.org/resource/Tegal_Regency,city
675,Nagoya,http://dbpedia.org/resource/Nagoya,city
676,Yokosuka,http://dbpedia.org/resource/Yokosuka,city
677,Chiba,http://dbpedia.org/resource/Chiba,city
678,Chiyoda,http://dbpedia.org/resource/Chiyoda,city
679,Shibuya,http://dbpedia.org/resource/Shibuya,city
680,Nara,http://dbpedia.org/resource/Nara,city
681,Hachiōji,http://dbpedia.org/resource/Hachiōji,city
682,Sagamihara,http://dbpedia.org/resource/Sagamihara,city
683,Ichikawa,http://dbpedia.org/resource/Ichikawa,city
684,Kyoto,http://dbpedia.org/resource/Kyoto,city
685,Gifu,http://dbpedia.org/resource/Gifu,city
686,Toyoake,http://dbpedia.org/resource/Toyoake,city
687,Fujisawa,http://dbpedia.org/resource/Fujisawa,city
688,Okazaki,http://dbpedia.org/resource/Okazaki,city
689,Hirosaki,http://dbpedia.org/resource/Hirosaki,city
690,Nagakute,http://dbpedia.org/resource/Nagakute,city
691,Akita_City,http://dbpedia.org/resource/Akita_City,city
692,Nagasaki,http://dbpedia.org/resource/Nagasaki,city
693,Shimonoseki,http://dbpedia.org/resource/Shimonoseki,city
694,Aomori,http://dbpedia.org/resource/Aomori,city
695,Tokyo,http://dbpedia.org/resource/Tokyo,city
696,Toyohashi,http://dbpedia.org/resource/Toyohashi,city
697,Toyota,http://dbpedia.org/resource/Toyota,city
698,Owariasahi,http://dbpedia.org/resource/Owariasahi,city
699,Bunkyo,http://dbpedia.org/resource/Bunkyo,city
700,Hamamatsu,http://dbpedia.org/resource/Hamamatsu,city
701,Nisshin,http://dbpedia.org/resource/Nisshin,city
702,Niigata,http://dbpedia.org/resource/Niigata,city
703,Machida,http://dbpedia.org/resource/Machida,city
704,Osaka,http://dbpedia.org/resource/Osaka,city
705,Aichi_Prefecture,http://dbpedia.org/resource/Aichi_Prefecture,city
706,Sapporo,http://dbpedia.org/resource/Sapporo,city
707,Setagaya,http://dbpedia.org/resource/Setagaya,city
708,Hachinohe,http://dbpedia.org/resource/Hachinohe,city
709,Yokohama,http://dbpedia.org/resource/Yokohama,city
710,Atsugi,http://dbpedia.org/resource/Atsugi,city
711,Kobe,http://dbpedia.org/resource/Kobe,city
712,Kagoshima,http://dbpedia.org/resource/Kagoshima,city
713,Tokushima,http://dbpedia.org/resource/Tokushima,city
714,Chikusa-ku,http://dbpedia.org/resource/Chikusa-ku,city
715,Monterrey,http://dbpedia.org/resource/Monterrey,city
716,Mexicali,http://dbpedia.org/resource/Mexicali,city
717,Chihuahua,http://dbpedia.org/resource/Chihuahua,city
718,Zacapoaxtla,http://dbpedia.org/resource/Zacapoaxtla,city
719,Culiacán,http://dbpedia.org/resource/Culiacán,city
720,San_Nicolás_de_los_Garza,http://dbpedia.org/resource/San_Nicolás_de_los_Garza,city
721,Guadalajara,http://dbpedia.org/resource/Guadalajara,city
722,Villahermosa,http://dbpedia.org/resource/Villahermosa,city
723,Antón_Lizardo,http://dbpedia.org/resource/Antón_Lizardo,city
724,Ciudad_Obregón,http://dbpedia.org/resource/Ciudad_Obregón,city
725,Tlalpan,http://dbpedia.org/resource/Tlalpan,city
726,Saltillo,http://dbpedia.org/resource/Saltillo,city
727,San_Pedro_Garza_García,http://dbpedia.org/resource/San_Pedro_Garza_García,city
728,Montemorelos,http://dbpedia.org/resource/Montemorelos,city
729,Pedro_Escobedo,http://dbpedia.org/resource/Pedro_Escobedo,city
730,Ensenada,http://dbpedia.org/resource/Ensenada,city
731,Mexico_City,http://dbpedia.org/resource/Mexico_City,city
732,Querétaro,http://dbpedia.org/resource/Querétaro,city
733,Puebla,http://dbpedia.org/resource/Puebla,city
734,Toluca,http://dbpedia.org/resource/Toluca,city
735,Oaxaca,http://dbpedia.org/resource/Oaxaca,city
736,Jiquilpan,http://dbpedia.org/resource/Jiquilpan,city
737,Irapuato,http://dbpedia.org/resource/Irapuato,city
738,Tlatelolco,http://dbpedia.org/resource/Tlatelolco,city
739,Ixtlán_de_Juárez,http://dbpedia.org/resource/Ixtlán_de_Juárez,city
740,Altamira,http://dbpedia.org/resource/Altamira,city
741,Mérida,http://dbpedia.org/resource/Mérida,city
742,Tijuana,http://dbpedia.org/resource/Tijuana,city
743,Santa_Catarina,http://dbpedia.org/resource/Santa_Catarina,city
744,Colima,http://dbpedia.org/resource/Colima,city
745,Campeche,http://dbpedia.org/resource/Campeche,city
746,San_Luis_Potosí,http://dbpedia.org/resource/San_Luis_Potosí,city
747,Cancún,http://dbpedia.org/resource/Cancún,city
748,Coyoacán,http://dbpedia.org/resource/Coyoacán,city
749,Tepic,http://dbpedia.org/resource/Tepic,city
750,Hermosillo,http://dbpedia.org/resource/Hermosillo,city
751,Chapingo,http://dbpedia.org/resource/Chapingo,city
752,Morelia,http://dbpedia.org/resource/Morelia,city
753,Nuevo_Laredo,http://dbpedia.org/resource/Nuevo_Laredo,city
754,Sukkur,http://dbpedia.org/resource/Sukkur,city
755,Khuzdar,http://dbpedia.org/resource/Khuzdar,city
756,Larkana_District,http://dbpedia.org/resource/Larkana_District,city
757,Jhang,http://dbpedia.org/resource/Jhang,city
758,Nawabshah,http://dbpedia.org/resource/Nawabshah,city
759,Swat,http://dbpedia.org/resource/Swat,city
760,"http://maps.google.com/maps?ll=25.530889,69.017306&spn=0.01,0.01&t=m&q=25.530889,69.017306","http://dbpedia.org/resource/http://maps.google.com/maps?ll=25.530889,69.017306&spn=0.01,0.01&t=m&q=25.530889,69.017306",city
761,Sialkot,http://dbpedia.org/resource/Sialkot,city
762,Ahmedpur_Sial,http://dbpedia.org/resource/Ahmedpur_Sial,city
763,Lahore,http://dbpedia.org/resource/Lahore,city
764,Kahuta,http://dbpedia.org/resource/Kahuta,city
765,Shorkot,http://dbpedia.org/resource/Shorkot,city
766,Mirpur,http://dbpedia.org/resource/Mirpur,city
767,Swabi,http://dbpedia.org/resource/Swabi,city
768,Taxila,http://dbpedia.org/resource/Taxila,city
769,Kharian,http://dbpedia.org/resource/Kharian,city
770,Quetta,http://dbpedia.org/resource/Quetta,city
771,Faisalabad,http://dbpedia.org/resource/Faisalabad,city
772,Topi,http://dbpedia.org/resource/Topi,city
773,Karachi,http://dbpedia.org/resource/Karachi,city
774,Tando_Jam,http://dbpedia.org/resource/Tando_Jam,city
775,"Surat,India","http://dbpedia.org/resource/Surat,India",city
776,New_Muslim_Town,http://dbpedia.org/resource/New_Muslim_Town,city
777,Multan,http://dbpedia.org/resource/Multan,city
778,Islamabad,http://dbpedia.org/resource/Islamabad,city
779,Risalpur,http://dbpedia.org/resource/Risalpur,city
780,"Islamabad/Rawalpindi,Lahore","http://dbpedia.org/resource/Islamabad/Rawalpindi,Lahore",city
781,Major_Cities,http://dbpedia.org/resource/Major_Cities,city
782,Bahria_Town,http://dbpedia.org/resource/Bahria_Town,city
783,Peshawar,http://dbpedia.org/resource/Peshawar,city
784,Dera_Ismail_Khan,http://dbpedia.org/resource/Dera_Ismail_Khan,city
785,Abbottabad,http://dbpedia.org/resource/Abbottabad,city
786,Jamshoro,http://dbpedia.org/resource/Jamshoro,city
787,Rawalpindi,http://dbpedia.org/resource/Rawalpindi,city
788,Wah_Cantonment,http://dbpedia.org/resource/Wah_Cantonment,city
789,Khyber_Pakhtunkhwa,http://dbpedia.org/resource/Khyber_Pakhtunkhwa,city
790,Sahiwal_Division,http://dbpedia.org/resource/Sahiwal_Division,city
791,Nilore,http://dbpedia.org/resource/Nilore,city
792,Rahim_Yar_Khan,http://dbpedia.org/resource/Rahim_Yar_Khan,city
793,Khairpur,http://dbpedia.org/resource/Khairpur,city
794,Iloilo_City,http://dbpedia.org/resource/Iloilo_City,city
795,Cabuyao,http://dbpedia.org/resource/Cabuyao,city
796,Kalibo,http://dbpedia.org/resource/Kalibo,city
797,Davao_City,http://dbpedia.org/resource/Davao_City,city
798,Iligan,http://dbpedia.org/resource/Iligan,city
799,Mandaluyong,http://dbpedia.org/resource/Mandaluyong,city
800,Tuguegarao,http://dbpedia.org/resource/Tuguegarao,city
801,Manila,http://dbpedia.org/resource/Manila,city
802,Cebu_City,http://dbpedia.org/resource/Cebu_City,city
803,Roxas,http://dbpedia.org/resource/Roxas,city
804,Pasay,http://dbpedia.org/resource/Pasay,city
805,Laoag,http://dbpedia.org/resource/Laoag,city
806,Legazpi,http://dbpedia.org/resource/Legazpi,city
807,Ermita,http://dbpedia.org/resource/Ermita,city
808,Dumaguete,http://dbpedia.org/resource/Dumaguete,city
809,Bacolod,http://dbpedia.org/resource/Bacolod,city
810,Los_Baños,http://dbpedia.org/resource/Los_Baños,city
811,Silang,http://dbpedia.org/resource/Silang,city
812,Taguig,http://dbpedia.org/resource/Taguig,city
813,Biñan,http://dbpedia.org/resource/Biñan,city
814,Lipa,http://dbpedia.org/resource/Lipa,city
815,Zamboanga_City,http://dbpedia.org/resource/Zamboanga_City,city
816,Intramuros,http://dbpedia.org/resource/Intramuros,city
817,Malate,http://dbpedia.org/resource/Malate,city
818,Dagupan,http://dbpedia.org/resource/Dagupan,city
819,Angeles,http://dbpedia.org/resource/Angeles,city
820,Makati,http://dbpedia.org/resource/Makati,city
821,Tacloban,http://dbpedia.org/resource/Tacloban,city
822,Cagayan_de_Oro,http://dbpedia.org/resource/Cagayan_de_Oro,city
823,Cavite_City,http://dbpedia.org/resource/Cavite_City,city
824,Quezon_City,http://dbpedia.org/resource/Quezon_City,city
825,Sampaloc,http://dbpedia.org/resource/Sampaloc,city
826,Bislig,http://dbpedia.org/resource/Bislig,city
827,Tagbilaran,http://dbpedia.org/resource/Tagbilaran,city
828,Santa_Rosa,http://dbpedia.org/resource/Santa_Rosa,city
829,San_Miguel,http://dbpedia.org/resource/San_Miguel,city
830,Cabanatuan,http://dbpedia.org/resource/Cabanatuan,city
831,Malolos,http://dbpedia.org/resource/Malolos,city
832,Naga,http://dbpedia.org/resource/Naga,city
833,Tula,http://dbpedia.org/resource/Tula,city
834,Rostov,http://dbpedia.org/resource/Rostov,city
835,Vladivostok,http://dbpedia.org/resource/Vladivostok,city
836,Zhukovsky,http://dbpedia.org/resource/Zhukovsky,city
837,Yekaterinburg,http://dbpedia.org/resource/Yekaterinburg,city
838,Perm,http://dbpedia.org/resource/Perm,city
839,Yaroslavl,http://dbpedia.org/resource/Yaroslavl,city
840,Krasnodar,http://dbpedia.org/resource/Krasnodar,city
841,Biysk,http://dbpedia.org/resource/Biysk,city
842,Barnaul,http://dbpedia.org/resource/Barnaul,city
843,Kursk,http://dbpedia.org/resource/Kursk,city
844,Saransk,http://dbpedia.org/resource/Saransk,city
845,Saint_Petersburg,http://dbpedia.org/resource/Saint_Petersburg,city
846,Moscow,http://dbpedia.org/resource/Moscow,city
847,Kemerovo_Oblast,http://dbpedia.org/resource/Kemerovo_Oblast,city
848,Omsk,http://dbpedia.org/resource/Omsk,city
849,Bishkek,http://dbpedia.org/resource/Bishkek,city
850,Magnitogorsk,http://dbpedia.org/resource/Magnitogorsk,city
851,Murmansk,http://dbpedia.org/resource/Murmansk,city
852,Tomsk,http://dbpedia.org/resource/Tomsk,city
853,Monino,http://dbpedia.org/resource/Monino,city
854,Kazan,http://dbpedia.org/resource/Kazan,city
855,Ulyanovsk,http://dbpedia.org/resource/Ulyanovsk,city
856,Ivanovo_Oblast,http://dbpedia.org/resource/Ivanovo_Oblast,city
857,Vologda,http://dbpedia.org/resource/Vologda,city
858,Pereslavl-Zalessky,http://dbpedia.org/resource/Pereslavl-Zalessky,city
859,Krasnoyarsk,http://dbpedia.org/resource/Krasnoyarsk,city
860,Voronezh,http://dbpedia.org/resource/Voronezh,city
861,Ulan-Ude,http://dbpedia.org/resource/Ulan-Ude,city
862,Chita,http://dbpedia.org/resource/Chita,city
863,Skolkovo,http://dbpedia.org/resource/Skolkovo,city
864,Saratov,http://dbpedia.org/resource/Saratov,city
865,Izhevsk,http://dbpedia.org/resource/Izhevsk,city
866,Moscow_International_Business_Center,http://dbpedia.org/resource/Moscow_International_Business_Center,city
867,Belgorod,http://dbpedia.org/resource/Belgorod,city
868,Ufa,http://dbpedia.org/resource/Ufa,city
869,Volgograd,http://dbpedia.org/resource/Volgograd,city
870,Zaoksky,http://dbpedia.org/resource/Zaoksky,city
871,Gorno-Altaysk,http://dbpedia.org/resource/Gorno-Altaysk,city
872,Irkutsk,http://dbpedia.org/resource/Irkutsk,city
873,New_Haven,http://dbpedia.org/resource/New_Haven,city
874,Nashville,http://dbpedia.org/resource/Nashville,city
875,San_Francisco,http://dbpedia.org/resource/San_Francisco,city
876,Chicago,http://dbpedia.org/resource/Chicago,city
877,Lubbock,http://dbpedia.org/resource/Lubbock,city
878,New_York_City,http://dbpedia.org/resource/New_York_City,city
879,Gainesville,http://dbpedia.org/resource/Gainesville,city
880,Philadelphia,http://dbpedia.org/resource/Philadelphia,city
881,Richmond,http://dbpedia.org/resource/Richmond,city
882,New_York,http://dbpedia.org/resource/New_York,city
883,Columbus,http://dbpedia.org/resource/Columbus,city
884,Indianapolis,http://dbpedia.org/resource/Indianapolis,city
885,Columbia,http://dbpedia.org/resource/Columbia,city
886,Phoenix,http://dbpedia.org/resource/Phoenix,city
887,Notre_Damena,http://dbpedia.org/resource/Notre_Damena,city
888,Pittsburgh,http://dbpedia.org/resource/Pittsburgh,city
889,Los_Angeles,http://dbpedia.org/resource/Los_Angeles,city
890,Ann_Arbor,http://dbpedia.org/resource/Ann_Arbor,city
891,San_Diego,http://dbpedia.org/resource/San_Diego,city
892,Berkeley,http://dbpedia.org/resource/Berkeley,city
893,Atlanta,http://dbpedia.org/resource/Atlanta,city
894,Jacksonville,http://dbpedia.org/resource/Jacksonville,city
895,Orlando,http://dbpedia.org/resource/Orlando,city
896,San_Antonio,http://dbpedia.org/resource/San_Antonio,city
897,Milwaukee,http://dbpedia.org/resource/Milwaukee,city
898,Cincinnati,http://dbpedia.org/resource/Cincinnati,city
899,Fayetteville,http://dbpedia.org/resource/Fayetteville,city
900,Austin,http://dbpedia.org/resource/Austin,city
901,Baltimore,http://dbpedia.org/resource/Baltimore,city
902,Houston,http://dbpedia.org/resource/Houston,city
903,Cambridge,http://dbpedia.org/resource/Cambridge,city
904,Tallahassee,http://dbpedia.org/resource/Tallahassee,city
905,Boston,http://dbpedia.org/resource/Boston,city
906,Washington,http://dbpedia.org/resource/Washington,city
907,Minneapolis,http://dbpedia.org/resource/Minneapolis,city
908,New_Orleans,http://dbpedia.org/resource/New_Orleans,city
909,Cleveland,http://dbpedia.org/resource/Cleveland,city
910,St._Louis,http://dbpedia.org/resource/St._Louis,city
911,Portland,http://dbpedia.org/resource/Portland,city
912,Ithaca,http://dbpedia.org/resource/Ithaca,city
913,Tuyên_Quang,http://dbpedia.org/resource/Tuyên_Quang,city
914,Quảng_Ngãi,http://dbpedia.org/resource/Quảng_Ngãi,city
915,Quy_Nhơn,http://dbpedia.org/resource/Quy_Nhơn,city
916,Thái_Nguyên,http://dbpedia.org/resource/Thái_Nguyên,city
917,Hanoi,http://dbpedia.org/resource/Hanoi,city
918,Nha_Trang,http://dbpedia.org/resource/Nha_Trang,city
919,Đông_Hà,http://dbpedia.org/resource/Đông_Hà,city
920,Đồng_Hới,http://dbpedia.org/resource/Đồng_Hới,city
921,Bắc_Giang,http://dbpedia.org/resource/Bắc_Giang,city
922,Bến,http://dbpedia.org/resource/Bến,city
923,Da_Nang,http://dbpedia.org/resource/Da_Nang,city
924,Nghe_An_province,http://dbpedia.org/resource/Nghe_An_province,city
925,Long_Xuyen,http://dbpedia.org/resource/Long_Xuyen,city
926,Biên_Hòa,http://dbpedia.org/resource/Biên_Hòa,city
927,Thái_Bình,http://dbpedia.org/resource/Thái_Bình,city
928,Mỹ_Tho,http://dbpedia.org/resource/Mỹ_Tho,city
929,Sơn_La,http://dbpedia.org/resource/Sơn_La,city
930,Phan_Rang–Tháp_Chàm,http://dbpedia.org/resource/Phan_Rang–Tháp_Chàm,city
931,Móng_Cái,http://dbpedia.org/resource/Móng_Cái,city
932,Phan_Thiết,http://dbpedia.org/resource/Phan_Thiết,city
933,Thanh_Hóa,http://dbpedia.org/resource/Thanh_Hóa,city
934,Điện_Biên_Phủ,http://dbpedia.org/resource/Điện_Biên_Phủ,city
935,Trà_Vinh,http://dbpedia.org/resource/Trà_Vinh,city
936,Phủ_Lý,http://dbpedia.org/resource/Phủ_Lý,city
937,Tuy_Hòa,http://dbpedia.org/resource/Tuy_Hòa,city
938,Hung_Yen_province,http://dbpedia.org/resource/Hung_Yen_province,city
939,Tân_An,http://dbpedia.org/resource/Tân_An,city
940,Sóc_Trăng,http://dbpedia.org/resource/Sóc_Trăng,city
941,Cần_Thơ,http://dbpedia.org/resource/Cần_Thơ,city
942,Huế,http://dbpedia.org/resource/Huế,city
943,Tam_Kỳ,http://dbpedia.org/resource/Tam_Kỳ,city
944,Gia_lam,http://dbpedia.org/resource/Gia_lam,city
945,Rạch_Giá,http://dbpedia.org/resource/Rạch_Giá,city
946,Cua_Lo,http://dbpedia.org/resource/Cua_Lo,city
947,Bạc_Liêu,http://dbpedia.org/resource/Bạc_Liêu,city
948,Ho_Chi_Minh_City,http://dbpedia.org/resource/Ho_Chi_Minh_City,city
949,Bà_Rịa,http://dbpedia.org/resource/Bà_Rịa,city
950,Đà_Lạt,http://dbpedia.org/resource/Đà_Lạt,city
951,Pleiku,http://dbpedia.org/resource/Pleiku,city
952,Puli_Khumri,http://dbpedia.org/resource/Puli_Khumri,city
953,Lashkar_Gah,http://dbpedia.org/resource/Lashkar_Gah,city
954,Jalalabad,http://dbpedia.org/resource/Jalalabad,city
955,Asadabad,http://dbpedia.org/resource/Asadabad,city
956,Kabul,http://dbpedia.org/resource/Kabul,city
957,Kandahar,http://dbpedia.org/resource/Kandahar,city
958,Gardēz,http://dbpedia.org/resource/Gardēz,city
959,Herat,http://dbpedia.org/resource/Herat,city
960,Khost,http://dbpedia.org/resource/Khost,city
961,Algiers,http://dbpedia.org/resource/Algiers,city
962,Batna,http://dbpedia.org/resource/Batna,city
963,Tiaret,http://dbpedia.org/resource/Tiaret,city
964,El_Harrach,http://dbpedia.org/resource/El_Harrach,city
965,Guelma,http://dbpedia.org/resource/Guelma,city
966,Bab_Ezzouar,http://dbpedia.org/resource/Bab_Ezzouar,city
967,Chief,http://dbpedia.org/resource/Chief,city
968,Annaba,http://dbpedia.org/resource/Annaba,city
969,El_Oued,http://dbpedia.org/resource/El_Oued,city
970,Oran,http://dbpedia.org/resource/Oran,city
971,Córdoba,http://dbpedia.org/resource/Córdoba,city
972,Mendoza,http://dbpedia.org/resource/Mendoza,city
973,Buenos_Aires,http://dbpedia.org/resource/Buenos_Aires,city
974,Various,http://dbpedia.org/resource/Various,city
975,Posadas,http://dbpedia.org/resource/Posadas,city
976,San_Martín,http://dbpedia.org/resource/San_Martín,city
977,Corrientes,http://dbpedia.org/resource/Corrientes,city
978,Presidencia_Roque_Sáenz_Peña,http://dbpedia.org/resource/Presidencia_Roque_Sáenz_Peña,city
979,Rosario,http://dbpedia.org/resource/Rosario,city
980,San_Miguel_de_Tucumán,http://dbpedia.org/resource/San_Miguel_de_Tucumán,city
981,Geelong,http://dbpedia.org/resource/Geelong,city
982,Sydney,http://dbpedia.org/resource/Sydney,city
983,Canberra,http://dbpedia.org/resource/Canberra,city
984,Brisbane,http://dbpedia.org/resource/Brisbane,city
985,Melbourne,http://dbpedia.org/resource/Melbourne,city
986,Perth,http://dbpedia.org/resource/Perth,city
987,Darlington,http://dbpedia.org/resource/Darlington,city
988,Camperdown,http://dbpedia.org/resource/Camperdown,city
989,Parkville,http://dbpedia.org/resource/Parkville,city
990,Adelaide,http://dbpedia.org/resource/Adelaide,city
991,Vitebsk,http://dbpedia.org/resource/Vitebsk,city
992,Baranovichi,http://dbpedia.org/resource/Baranovichi,city
993,Bobruysk,http://dbpedia.org/resource/Bobruysk,city
994,Mogilev,http://dbpedia.org/resource/Mogilev,city
995,Gomel,http://dbpedia.org/resource/Gomel,city
996,Borisov,http://dbpedia.org/resource/Borisov,city
997,Minsk,http://dbpedia.org/resource/Minsk,city
998,Brest,http://dbpedia.org/resource/Brest,city
999,Grodno,http://dbpedia.org/resource/Grodno,city
1000,Barysaw,http://dbpedia.org/resource/Barysaw,city
1001,Liège,http://dbpedia.org/resource/Liège,city
1002,Leuven,http://dbpedia.org/resource/Leuven,city
1003,Paris,http://dbpedia.org/resource/Paris,city
1004,Tonbridge,http://dbpedia.org/resource/Tonbridge,city
1005,Antwerp,http://dbpedia.org/resource/Antwerp,city
1006,Ottignies-Louvain-la-Neuve,http://dbpedia.org/resource/Ottignies-Louvain-la-Neuve,city
1007,Canterbury,http://dbpedia.org/resource/Canterbury,city
1008,Medway,http://dbpedia.org/resource/Medway,city
1009,Ghent,http://dbpedia.org/resource/Ghent,city
1010,Brussels,http://dbpedia.org/resource/Brussels,city
1011,Taungoo_Township,http://dbpedia.org/resource/Taungoo_Township,city
1012,Sittwe_District,http://dbpedia.org/resource/Sittwe_District,city
1013,Lanmadaw_Township,http://dbpedia.org/resource/Lanmadaw_Township,city
1014,Mayangone,http://dbpedia.org/resource/Mayangone,city
1015,Insein_Township,http://dbpedia.org/resource/Insein_Township,city
1016,Taungoo,http://dbpedia.org/resource/Taungoo,city
1017,Yangon,http://dbpedia.org/resource/Yangon,city
1018,Loikaw,http://dbpedia.org/resource/Loikaw,city
1019,Pyin_U_Lwin,http://dbpedia.org/resource/Pyin_U_Lwin,city
1020,Meiktila,http://dbpedia.org/resource/Meiktila,city
1021,Toronto,http://dbpedia.org/resource/Toronto,city
1022,Fredericton,http://dbpedia.org/resource/Fredericton,city
1023,Edmonton,http://dbpedia.org/resource/Edmonton,city
1024,Ottawa,http://dbpedia.org/resource/Ottawa,city
1025,London,http://dbpedia.org/resource/London,city
1026,Winnipeg,http://dbpedia.org/resource/Winnipeg,city
1027,Hamilton,http://dbpedia.org/resource/Hamilton,city
1028,Saskatoon,http://dbpedia.org/resource/Saskatoon,city
1029,Vancouver,http://dbpedia.org/resource/Vancouver,city
1030,Montreal,http://dbpedia.org/resource/Montreal,city
1031,Kampong_Cham,http://dbpedia.org/resource/Kampong_Cham,city
1032,Siem_Reap,http://dbpedia.org/resource/Siem_Reap,city
1033,Kampong_Speu,http://dbpedia.org/resource/Kampong_Speu,city
1034,Ta_Khmau,http://dbpedia.org/resource/Ta_Khmau,city
1035,Pray_Veng,http://dbpedia.org/resource/Pray_Veng,city
1036,Battambang,http://dbpedia.org/resource/Battambang,city
1037,Borey_Seang_Nam,http://dbpedia.org/resource/Borey_Seang_Nam,city
1038,Phnom_Penh,http://dbpedia.org/resource/Phnom_Penh,city
1039,Sihanoukville,http://dbpedia.org/resource/Sihanoukville,city
1040,Pursat,http://dbpedia.org/resource/Pursat,city
1041,Mokolo,http://dbpedia.org/resource/Mokolo,city
1042,Baffoussam,http://dbpedia.org/resource/Baffoussam,city
1043,Garoua,http://dbpedia.org/resource/Garoua,city
1044,Bangangté,http://dbpedia.org/resource/Bangangté,city
1045,Maroua,http://dbpedia.org/resource/Maroua,city
1046,Buea,http://dbpedia.org/resource/Buea,city
1047,Kumba,http://dbpedia.org/resource/Kumba,city
1048,Yaoundé,http://dbpedia.org/resource/Yaoundé,city
1049,Bamenda,http://dbpedia.org/resource/Bamenda,city
1050,Douala,http://dbpedia.org/resource/Douala,city
1051,Valdivia,http://dbpedia.org/resource/Valdivia,city
1052,Santiago,http://dbpedia.org/resource/Santiago,city
1053,Antofagasta,http://dbpedia.org/resource/Antofagasta,city
1054,Iquique,http://dbpedia.org/resource/Iquique,city
1055,Valparaíso,http://dbpedia.org/resource/Valparaíso,city
1056,Temuco,http://dbpedia.org/resource/Temuco,city
1057,Viña_del_Mar,http://dbpedia.org/resource/Viña_del_Mar,city
1058,Puerto_Montt,http://dbpedia.org/resource/Puerto_Montt,city
1059,Osorno,http://dbpedia.org/resource/Osorno,city
1060,Concepción,http://dbpedia.org/resource/Concepción,city
1061,Bogotá,http://dbpedia.org/resource/Bogotá,city
1062,Cartagena,http://dbpedia.org/resource/Cartagena,city
1063,Pamplona,http://dbpedia.org/resource/Pamplona,city
1064,Manizales,http://dbpedia.org/resource/Manizales,city
1065,Armenia,http://dbpedia.org/resource/Armenia,city
1066,Bucaramanga,http://dbpedia.org/resource/Bucaramanga,city
1067,Cali,http://dbpedia.org/resource/Cali,city
1068,Barranquilla,http://dbpedia.org/resource/Barranquilla,city
1069,Tunja,http://dbpedia.org/resource/Tunja,city
1070,Medellín,http://dbpedia.org/resource/Medellín,city
1071,Havana,http://dbpedia.org/resource/Havana,city
1072,Marianao,http://dbpedia.org/resource/Marianao,city
1073,Santiago_de_Cuba,http://dbpedia.org/resource/Santiago_de_Cuba,city
1074,Jagüey_Grande,http://dbpedia.org/resource/Jagüey_Grande,city
1075,Cienfuegos,http://dbpedia.org/resource/Cienfuegos,city
1076,Matanzas,http://dbpedia.org/resource/Matanzas,city
1077,Pinar_del_Río,http://dbpedia.org/resource/Pinar_del_Río,city
1078,Ciego_de_Ávila,http://dbpedia.org/resource/Ciego_de_Ávila,city
1079,Santa_Clara,http://dbpedia.org/resource/Santa_Clara,city
1080,Camagüey,http://dbpedia.org/resource/Camagüey,city
1081,Ostrava,http://dbpedia.org/resource/Ostrava,city
1082,Liberec,http://dbpedia.org/resource/Liberec,city
1083,Prague,http://dbpedia.org/resource/Prague,city
1084,Mladá_Boleslav,http://dbpedia.org/resource/Mladá_Boleslav,city
1085,České_Budějovice,http://dbpedia.org/resource/České_Budějovice,city
1086,Ústí_nad_Labem,http://dbpedia.org/resource/Ústí_nad_Labem,city
1087,Hradec_Králové,http://dbpedia.org/resource/Hradec_Králové,city
1088,Brno,http://dbpedia.org/resource/Brno,city
1089,Moravia,http://dbpedia.org/resource/Moravia,city
1090,Olomouc,http://dbpedia.org/resource/Olomouc,city
1091,Kinshasa,http://dbpedia.org/resource/Kinshasa,city
1092,Bandundu,http://dbpedia.org/resource/Bandundu,city
1093,Baraka,http://dbpedia.org/resource/Baraka,city
1094,Boma,http://dbpedia.org/resource/Boma,city
1095,Bukavu,http://dbpedia.org/resource/Bukavu,city
1096,Goma,http://dbpedia.org/resource/Goma,city
1097,Kisangani,http://dbpedia.org/resource/Kisangani,city
1098,Kananga,http://dbpedia.org/resource/Kananga,city
1099,Lubumbashi,http://dbpedia.org/resource/Lubumbashi,city
1100,Bas-Congo,http://dbpedia.org/resource/Bas-Congo,city
1101,Alexandria,http://dbpedia.org/resource/Alexandria,city
1102,Monufia_Governorate,http://dbpedia.org/resource/Monufia_Governorate,city
1103,Cairo,http://dbpedia.org/resource/Cairo,city
1104,Beni_Suef,http://dbpedia.org/resource/Beni_Suef,city
1105,Giza,http://dbpedia.org/resource/Giza,city
1106,El_Shorouk,http://dbpedia.org/resource/El_Shorouk,city
1107,New_Cairo,http://dbpedia.org/resource/New_Cairo,city
1108,Ramadan_City,http://dbpedia.org/resource/Ramadan_City,city
1109,Bilbeis,http://dbpedia.org/resource/Bilbeis,city
1110,Sohag,http://dbpedia.org/resource/Sohag,city
1111,Southampton,http://dbpedia.org/resource/Southampton,city
1112,Manchester,http://dbpedia.org/resource/Manchester,city
1113,Leicester,http://dbpedia.org/resource/Leicester,city
1114,Newcastle_upon_Tyne,http://dbpedia.org/resource/Newcastle_upon_Tyne,city
1115,Durham,http://dbpedia.org/resource/Durham,city
1116,Birmingham,http://dbpedia.org/resource/Birmingham,city
1117,York,http://dbpedia.org/resource/York,city
1118,Sheffield,http://dbpedia.org/resource/Sheffield,city
1119,Leeds,http://dbpedia.org/resource/Leeds,city
1120,Dire_Dawa,http://dbpedia.org/resource/Dire_Dawa,city
1121,Debre_Marqos,http://dbpedia.org/resource/Debre_Marqos,city
1122,Nekemte,http://dbpedia.org/resource/Nekemte,city
1123,Awasa,http://dbpedia.org/resource/Awasa,city
1124,Mek'ele,http://dbpedia.org/resource/Mek'ele,city
1125,Bahir_Dar,http://dbpedia.org/resource/Bahir_Dar,city
1126,Addis_Ababa,http://dbpedia.org/resource/Addis_Ababa,city
1127,Mettu,http://dbpedia.org/resource/Mettu,city
1128,Adama,http://dbpedia.org/resource/Adama,city
1129,Jimma,http://dbpedia.org/resource/Jimma,city
1130,Lyon,http://dbpedia.org/resource/Lyon,city
1131,Toulouse,http://dbpedia.org/resource/Toulouse,city
1132,Montpellier,http://dbpedia.org/resource/Montpellier,city
1133,Lille,http://dbpedia.org/resource/Lille,city
1134,Aix-en-Provence,http://dbpedia.org/resource/Aix-en-Provence,city
1135,Évry,http://dbpedia.org/resource/Évry,city
1136,Nancy,http://dbpedia.org/resource/Nancy,city
1137,Grenoble,http://dbpedia.org/resource/Grenoble,city
1138,Nantes,http://dbpedia.org/resource/Nantes,city
1139,Thessaloniki,http://dbpedia.org/resource/Thessaloniki,city
1140,Kozani,http://dbpedia.org/resource/Kozani,city
1141,Patras,http://dbpedia.org/resource/Patras,city
1142,Kalamata,http://dbpedia.org/resource/Kalamata,city
1143,Athens,http://dbpedia.org/resource/Athens,city
1144,Trikala,http://dbpedia.org/resource/Trikala,city
1145,Crete,http://dbpedia.org/resource/Crete,city
1146,Karditsa,http://dbpedia.org/resource/Karditsa,city
1147,Piraeus,http://dbpedia.org/resource/Piraeus,city
1148,Larissa,http://dbpedia.org/resource/Larissa,city
1149,Győr,http://dbpedia.org/resource/Győr,city
1150,Budapest,http://dbpedia.org/resource/Budapest,city
1151,Szeged,http://dbpedia.org/resource/Szeged,city
1152,Esztergom,http://dbpedia.org/resource/Esztergom,city
1153,Salgótarján,http://dbpedia.org/resource/Salgótarján,city
1154,Zalaegerszeg,http://dbpedia.org/resource/Zalaegerszeg,city
1155,Visonta,http://dbpedia.org/resource/Visonta,city
1156,Debrecen,http://dbpedia.org/resource/Debrecen,city
1157,Veszprém,http://dbpedia.org/resource/Veszprém,city
1158,Piliscsaba,http://dbpedia.org/resource/Piliscsaba,city
1159,Shiraz,http://dbpedia.org/resource/Shiraz,city
1160,Shahrekord,http://dbpedia.org/resource/Shahrekord,city
1161,Babol,http://dbpedia.org/resource/Babol,city
1162,Mashhad,http://dbpedia.org/resource/Mashhad,city
1163,Zanjan,http://dbpedia.org/resource/Zanjan,city
1164,Qazvin,http://dbpedia.org/resource/Qazvin,city
1165,Tabriz,http://dbpedia.org/resource/Tabriz,city
1166,Isfahan,http://dbpedia.org/resource/Isfahan,city
1167,Tehran,http://dbpedia.org/resource/Tehran,city
1168,Qom,http://dbpedia.org/resource/Qom,city
1169,Venice,http://dbpedia.org/resource/Venice,city
1170,Pisa,http://dbpedia.org/resource/Pisa,city
1171,Naples,http://dbpedia.org/resource/Naples,city
1172,Trieste,http://dbpedia.org/resource/Trieste,city
1173,Milan,http://dbpedia.org/resource/Milan,city
1174,Rome,http://dbpedia.org/resource/Rome,city
1175,Pavia,http://dbpedia.org/resource/Pavia,city
1176,Florence,http://dbpedia.org/resource/Florence,city
1177,Turin,http://dbpedia.org/resource/Turin,city
1178,Brescia,http://dbpedia.org/resource/Brescia,city
1179,Astana,http://dbpedia.org/resource/Astana,city
1180,Aktobe,http://dbpedia.org/resource/Aktobe,city
1181,Karagandy,http://dbpedia.org/resource/Karagandy,city
1182,Oskemen,http://dbpedia.org/resource/Oskemen,city
1183,Pavlodar,http://dbpedia.org/resource/Pavlodar,city
1184,Taraz,http://dbpedia.org/resource/Taraz,city
1185,Semey,http://dbpedia.org/resource/Semey,city
1186,Shymkent,http://dbpedia.org/resource/Shymkent,city
1187,Almaty,http://dbpedia.org/resource/Almaty,city
1188,Oral,http://dbpedia.org/resource/Oral,city
1189,Machakos,http://dbpedia.org/resource/Machakos,city
1190,Eldoret,http://dbpedia.org/resource/Eldoret,city
1191,Kikuyu,http://dbpedia.org/resource/Kikuyu,city
1192,Kitengela,http://dbpedia.org/resource/Kitengela,city
1193,Nakuru,http://dbpedia.org/resource/Nakuru,city
1194,Kitale,http://dbpedia.org/resource/Kitale,city
1195,Thika,http://dbpedia.org/resource/Thika,city
1196,Nairobi,http://dbpedia.org/resource/Nairobi,city
1197,Nyeri,http://dbpedia.org/resource/Nyeri,city
1198,Ambovombe,http://dbpedia.org/resource/Ambovombe,city
1199,Amparafaravola,http://dbpedia.org/resource/Amparafaravola,city
1200,Mahajanga,http://dbpedia.org/resource/Mahajanga,city
1201,Antsirabe,http://dbpedia.org/resource/Antsirabe,city
1202,Antananarivo,http://dbpedia.org/resource/Antananarivo,city
1203,Toamasina,http://dbpedia.org/resource/Toamasina,city
1204,Fianarantosa,http://dbpedia.org/resource/Fianarantosa,city
1205,Antanifotsy,http://dbpedia.org/resource/Antanifotsy,city
1206,Toliara,http://dbpedia.org/resource/Toliara,city
1207,Antsiranana,http://dbpedia.org/resource/Antsiranana,city
1208,Cyberjaya,http://dbpedia.org/resource/Cyberjaya,city
1209,Kuching,http://dbpedia.org/resource/Kuching,city
1210,Nilai,http://dbpedia.org/resource/Nilai,city
1211,George_Town,http://dbpedia.org/resource/George_Town,city
1212,Penang,http://dbpedia.org/resource/Penang,city
1213,Selangor,http://dbpedia.org/resource/Selangor,city
1214,Wilayah_Persekutuan_Kuala_Lumpur,http://dbpedia.org/resource/Wilayah_Persekutuan_Kuala_Lumpur,city
1215,Kuala_Lumpur,http://dbpedia.org/resource/Kuala_Lumpur,city
1216,Terengganu,http://dbpedia.org/resource/Terengganu,city
1217,Shah_Alam,http://dbpedia.org/resource/Shah_Alam,city
1218,Codru,http://dbpedia.org/resource/Codru,city
1219,Ungheni,http://dbpedia.org/resource/Ungheni,city
1220,Orhei,http://dbpedia.org/resource/Orhei,city
1221,Comrat,http://dbpedia.org/resource/Comrat,city
1222,Cahul,http://dbpedia.org/resource/Cahul,city
1223,Tiraspol,http://dbpedia.org/resource/Tiraspol,city
1224,Chişinău,http://dbpedia.org/resource/Chişinău,city
1225,Balti,http://dbpedia.org/resource/Balti,city
1226,Bender,http://dbpedia.org/resource/Bender,city
1227,Soroca,http://dbpedia.org/resource/Soroca,city
1228,Oujda,http://dbpedia.org/resource/Oujda,city
1229,Casablanca,http://dbpedia.org/resource/Casablanca,city
1230,Marrakech,http://dbpedia.org/resource/Marrakech,city
1231,Rabat,http://dbpedia.org/resource/Rabat,city
1232,Sale,http://dbpedia.org/resource/Sale,city
1233,Ifrane,http://dbpedia.org/resource/Ifrane,city
1234,Agadir,http://dbpedia.org/resource/Agadir,city
1235,Fes,http://dbpedia.org/resource/Fes,city
1236,Meknes,http://dbpedia.org/resource/Meknes,city
1237,Tangier-Tetouan,http://dbpedia.org/resource/Tangier-Tetouan,city
1238,Nala,http://dbpedia.org/resource/Nala,city
1239,Kirtipur,http://dbpedia.org/resource/Kirtipur,city
1240,Balkumari,http://dbpedia.org/resource/Balkumari,city
1241,Lumbini,http://dbpedia.org/resource/Lumbini,city
1242,Pokhara,http://dbpedia.org/resource/Pokhara,city
1243,Dharan,http://dbpedia.org/resource/Dharan,city
1244,Gwarko,http://dbpedia.org/resource/Gwarko,city
1245,Lalitpur,http://dbpedia.org/resource/Lalitpur,city
1246,Kathmandu,http://dbpedia.org/resource/Kathmandu,city
1247,Rajbiraj,http://dbpedia.org/resource/Rajbiraj,city
1248,Groningen,http://dbpedia.org/resource/Groningen,city
1249,The_Hague,http://dbpedia.org/resource/The_Hague,city
1250,Heerlen,http://dbpedia.org/resource/Heerlen,city
1251,Leiden,http://dbpedia.org/resource/Leiden,city
1252,Maastricht,http://dbpedia.org/resource/Maastricht,city
1253,Eindhoven,http://dbpedia.org/resource/Eindhoven,city
1254,Utrecht,http://dbpedia.org/resource/Utrecht,city
1255,Amsterdam,http://dbpedia.org/resource/Amsterdam,city
1256,Tilburg,http://dbpedia.org/resource/Tilburg,city
1257,Rotterdam,http://dbpedia.org/resource/Rotterdam,city
1258,Tessaoua,http://dbpedia.org/resource/Tessaoua,city
1259,Arlit,http://dbpedia.org/resource/Arlit,city
1260,Abidjan,http://dbpedia.org/resource/Abidjan,city
1261,Niamey,http://dbpedia.org/resource/Niamey,city
1262,Zinder,http://dbpedia.org/resource/Zinder,city
1263,Tahoua,http://dbpedia.org/resource/Tahoua,city
1264,Birni_Nkonni,http://dbpedia.org/resource/Birni_Nkonni,city
1265,Agadez,http://dbpedia.org/resource/Agadez,city
1266,Maradi,http://dbpedia.org/resource/Maradi,city
1267,Dosso,http://dbpedia.org/resource/Dosso,city
1268,Trujillo,http://dbpedia.org/resource/Trujillo,city
1269,Distrito_de_Bellavista,http://dbpedia.org/resource/Distrito_de_Bellavista,city
1270,Chorrillos_District,http://dbpedia.org/resource/Chorrillos_District,city
1271,Arequipa,http://dbpedia.org/resource/Arequipa,city
1272,Jesús_María,http://dbpedia.org/resource/Jesús_María,city
1273,"Chosica,Lima","http://dbpedia.org/resource/Chosica,Lima",city
1274,Huancayo,http://dbpedia.org/resource/Huancayo,city
1275,Callao,http://dbpedia.org/resource/Callao,city
1276,Lima,http://dbpedia.org/resource/Lima,city
1277,La_Punta,http://dbpedia.org/resource/La_Punta,city
1278,Gdańsk,http://dbpedia.org/resource/Gdańsk,city
1279,Szczecin,http://dbpedia.org/resource/Szczecin,city
1280,Wrocław,http://dbpedia.org/resource/Wrocław,city
1281,Radom,http://dbpedia.org/resource/Radom,city
1282,Łódź,http://dbpedia.org/resource/Łódź,city
1283,Katowice,http://dbpedia.org/resource/Katowice,city
1284,Lublin,http://dbpedia.org/resource/Lublin,city
1285,Kraków,http://dbpedia.org/resource/Kraków,city
1286,Poznań,http://dbpedia.org/resource/Poznań,city
1287,Warsaw,http://dbpedia.org/resource/Warsaw,city
1288,Porto,http://dbpedia.org/resource/Porto,city
1289,Steenokkerzeel,http://dbpedia.org/resource/Steenokkerzeel,city
1290,Faro,http://dbpedia.org/resource/Faro,city
1291,Almada,http://dbpedia.org/resource/Almada,city
1292,Braga,http://dbpedia.org/resource/Braga,city
1293,Coimbra,http://dbpedia.org/resource/Coimbra,city
1294,Lisbon,http://dbpedia.org/resource/Lisbon,city
1295,Évora,http://dbpedia.org/resource/Évora,city
1296,Mesa,http://dbpedia.org/resource/Mesa,city
1297,Funchal,http://dbpedia.org/resource/Funchal,city
1298,Taichung,http://dbpedia.org/resource/Taichung,city
1299,Yongkang_District,http://dbpedia.org/resource/Yongkang_District,city
1300,Zhongli,http://dbpedia.org/resource/Zhongli,city
1301,Yunlin_County,http://dbpedia.org/resource/Yunlin_County,city
1302,Hsinchu,http://dbpedia.org/resource/Hsinchu,city
1303,Kaohsiung,http://dbpedia.org/resource/Kaohsiung,city
1304,Taipei,http://dbpedia.org/resource/Taipei,city
1305,Tainan,http://dbpedia.org/resource/Tainan,city
1306,Bucharest,http://dbpedia.org/resource/Bucharest,city
1307,Cluj-Napoca,http://dbpedia.org/resource/Cluj-Napoca,city
1308,Constanța,http://dbpedia.org/resource/Constanța,city
1309,Iași,http://dbpedia.org/resource/Iași,city
1310,Galați,http://dbpedia.org/resource/Galați,city
1311,Brașov,http://dbpedia.org/resource/Brașov,city
1312,Arad,http://dbpedia.org/resource/Arad,city
1313,Oradea,http://dbpedia.org/resource/Oradea,city
1314,Târgoviște,http://dbpedia.org/resource/Târgoviște,city
1315,Timișoara,http://dbpedia.org/resource/Timișoara,city
1316,Kolda,http://dbpedia.org/resource/Kolda,city
1317,Saint-Louis,http://dbpedia.org/resource/Saint-Louis,city
1318,Thies,http://dbpedia.org/resource/Thies,city
1319,Louga,http://dbpedia.org/resource/Louga,city
1320,Touba,http://dbpedia.org/resource/Touba,city
1321,Dakar,http://dbpedia.org/resource/Dakar,city
1322,Diourbel,http://dbpedia.org/resource/Diourbel,city
1323,Tambacounda,http://dbpedia.org/resource/Tambacounda,city
1324,Rufisque,http://dbpedia.org/resource/Rufisque,city
1325,Cape_Town,http://dbpedia.org/resource/Cape_Town,city
1326,Durban,http://dbpedia.org/resource/Durban,city
1327,Bloemfontein,http://dbpedia.org/resource/Bloemfontein,city
1328,Saldanha,http://dbpedia.org/resource/Saldanha,city
1329,eMalahleni,http://dbpedia.org/resource/eMalahleni,city
1330,Mthatha,http://dbpedia.org/resource/Mthatha,city
1331,Johannesburg,http://dbpedia.org/resource/Johannesburg,city
1332,Bellville,http://dbpedia.org/resource/Bellville,city
1333,Pretoria,http://dbpedia.org/resource/Pretoria,city
1334,Seoul,http://dbpedia.org/resource/Seoul,city
1335,Seongbuk-gu,http://dbpedia.org/resource/Seongbuk-gu,city
1336,Suwon,http://dbpedia.org/resource/Suwon,city
1337,Gwangju,http://dbpedia.org/resource/Gwangju,city
1338,Daejeon,http://dbpedia.org/resource/Daejeon,city
1339,Pohang,http://dbpedia.org/resource/Pohang,city
1340,Busan,http://dbpedia.org/resource/Busan,city
1341,Andong,http://dbpedia.org/resource/Andong,city
1342,Yongin,http://dbpedia.org/resource/Yongin,city
1343,Incheon,http://dbpedia.org/resource/Incheon,city
1344,Salamanca,http://dbpedia.org/resource/Salamanca,city
1345,Madrid,http://dbpedia.org/resource/Madrid,city
1346,Barcelona,http://dbpedia.org/resource/Barcelona,city
1347,Seville,http://dbpedia.org/resource/Seville,city
1348,Valladolid,http://dbpedia.org/resource/Valladolid,city
1349,Santander,http://dbpedia.org/resource/Santander,city
1350,Vigo,http://dbpedia.org/resource/Vigo,city
1351,San_Sebastián,http://dbpedia.org/resource/San_Sebastián,city
1352,Valencia,http://dbpedia.org/resource/Valencia,city
1353,Bilbao,http://dbpedia.org/resource/Bilbao,city
1354,Kelaniya,http://dbpedia.org/resource/Kelaniya,city
1355,Elpitiya,http://dbpedia.org/resource/Elpitiya,city
1356,Matara,http://dbpedia.org/resource/Matara,city
1357,Nugegoda,http://dbpedia.org/resource/Nugegoda,city
1358,Colombo,http://dbpedia.org/resource/Colombo,city
1359,Kandy,http://dbpedia.org/resource/Kandy,city
1360,Peradeniya,http://dbpedia.org/resource/Peradeniya,city
1361,Ratmalana_Airport,http://dbpedia.org/resource/Ratmalana_Airport,city
1362,Malabe,http://dbpedia.org/resource/Malabe,city
1363,Batalanda,http://dbpedia.org/resource/Batalanda,city
1364,Rovaniemi,http://dbpedia.org/resource/Rovaniemi,city
1365,Malmö,http://dbpedia.org/resource/Malmö,city
1366,Uppsala,http://dbpedia.org/resource/Uppsala,city
1367,Umeå,http://dbpedia.org/resource/Umeå,city
1368,Borås,http://dbpedia.org/resource/Borås,city
1369,Jönköping,http://dbpedia.org/resource/Jönköping,city
1370,Stockholm,http://dbpedia.org/resource/Stockholm,city
1371,Lund,http://dbpedia.org/resource/Lund,city
1372,Örebro,http://dbpedia.org/resource/Örebro,city
1373,Gothenburg,http://dbpedia.org/resource/Gothenburg,city
1374,Mwanza,http://dbpedia.org/resource/Mwanza,city
1375,Arusha,http://dbpedia.org/resource/Arusha,city
1376,Morogoro,http://dbpedia.org/resource/Morogoro,city
1377,Mzumbe_morogoro,http://dbpedia.org/resource/Mzumbe_morogoro,city
1378,Dar_es_Salaam,http://dbpedia.org/resource/Dar_es_Salaam,city
1379,Mbeya,http://dbpedia.org/resource/Mbeya,city
1380,Unguja,http://dbpedia.org/resource/Unguja,city
1381,Dodoma,http://dbpedia.org/resource/Dodoma,city
1382,Zanzibar,http://dbpedia.org/resource/Zanzibar,city
1383,Nakhon_Pathom_Province,http://dbpedia.org/resource/Nakhon_Pathom_Province,city
1384,Bangkok,http://dbpedia.org/resource/Bangkok,city
1385,Pathum_Thani_Province,http://dbpedia.org/resource/Pathum_Thani_Province,city
1386,Pathum_Thani,http://dbpedia.org/resource/Pathum_Thani,city
1387,Lampang,http://dbpedia.org/resource/Lampang,city
1388,Chiang_Mai,http://dbpedia.org/resource/Chiang_Mai,city
1389,Klong_Luang,http://dbpedia.org/resource/Klong_Luang,city
1390,Hat_Yai,http://dbpedia.org/resource/Hat_Yai,city
1391,Songkhla,http://dbpedia.org/resource/Songkhla,city
1392,Narathiwat,http://dbpedia.org/resource/Narathiwat,city
1393,La_Marsa,http://dbpedia.org/resource/La_Marsa,city
1394,Bizerte,http://dbpedia.org/resource/Bizerte,city
1395,Etadhamen,http://dbpedia.org/resource/Etadhamen,city
1396,Sfax,http://dbpedia.org/resource/Sfax,city
1397,Gabes,http://dbpedia.org/resource/Gabes,city
1398,Monastir,http://dbpedia.org/resource/Monastir,city
1399,Sousse,http://dbpedia.org/resource/Sousse,city
1400,Kairouan,http://dbpedia.org/resource/Kairouan,city
1401,Tunis,http://dbpedia.org/resource/Tunis,city
1402,El_Mourouj,http://dbpedia.org/resource/El_Mourouj,city
1403,Mersin,http://dbpedia.org/resource/Mersin,city
1404,Istanbul,http://dbpedia.org/resource/Istanbul,city
1405,Çankaya,http://dbpedia.org/resource/Çankaya,city
1406,Ankara,http://dbpedia.org/resource/Ankara,city
1407,Bursa,http://dbpedia.org/resource/Bursa,city
1408,Gaziantep,http://dbpedia.org/resource/Gaziantep,city
1409,Eskişehir,http://dbpedia.org/resource/Eskişehir,city
1410,Gebze,http://dbpedia.org/resource/Gebze,city
1411,Kadıköy,http://dbpedia.org/resource/Kadıköy,city
1412,Izmir,http://dbpedia.org/resource/Izmir,city
1413,Kiev,http://dbpedia.org/resource/Kiev,city
1414,Mykolaiv,http://dbpedia.org/resource/Mykolaiv,city
1415,Dnipropetrovsk,http://dbpedia.org/resource/Dnipropetrovsk,city
1416,Kharkiv,http://dbpedia.org/resource/Kharkiv,city
1417,Uzhhorod,http://dbpedia.org/resource/Uzhhorod,city
1418,Lviv,http://dbpedia.org/resource/Lviv,city
1419,Donetsk,http://dbpedia.org/resource/Donetsk,city
1420,Luhansk,http://dbpedia.org/resource/Luhansk,city
1421,Chernivtsi,http://dbpedia.org/resource/Chernivtsi,city
1422,Odessa,http://dbpedia.org/resource/Odessa,city
1423,Coventry,http://dbpedia.org/resource/Coventry,city
1424,Liverpool,http://dbpedia.org/resource/Liverpool,city
1425,North_Wales,http://dbpedia.org/resource/North_Wales,city
1426,Bristol,http://dbpedia.org/resource/Bristol,city
1427,Caracas,http://dbpedia.org/resource/Caracas,city
1428,Barquisimeto,http://dbpedia.org/resource/Barquisimeto,city
1429,Nueva_Esparta,http://dbpedia.org/resource/Nueva_Esparta,city
1430,Anzoátegui,http://dbpedia.org/resource/Anzoátegui,city
1431,Maracaibo,http://dbpedia.org/resource/Maracaibo,city
1432,Monagas,http://dbpedia.org/resource/Monagas,city
1433,Bolívar,http://dbpedia.org/resource/Bolívar,city
1434,Sucre,http://dbpedia.org/resource/Sucre,city
1435,Al_Hudaydah,http://dbpedia.org/resource/Al_Hudaydah,city
1436,Zinjibar,http://dbpedia.org/resource/Zinjibar,city
1437,Dhamar,http://dbpedia.org/resource/Dhamar,city
1438,Ibb,http://dbpedia.org/resource/Ibb,city
1439,Hadhramaut,http://dbpedia.org/resource/Hadhramaut,city
1440,Ta'izz,http://dbpedia.org/resource/Ta'izz,city
1441,Sayyan,http://dbpedia.org/resource/Sayyan,city
1442,Aden,http://dbpedia.org/resource/Aden,city
1443,Sana'a,http://dbpedia.org/resource/Sana'a,city
1444,Al_Mukalla,http://dbpedia.org/resource/Al_Mukalla,city
1445,Luanshya,http://dbpedia.org/resource/Luanshya,city
1446,Livingstone,http://dbpedia.org/resource/Livingstone,city
1447,Monze,http://dbpedia.org/resource/Monze,city
1448,Ndola,http://dbpedia.org/resource/Ndola,city
1449,Kasama,http://dbpedia.org/resource/Kasama,city
1450,Kabwe,http://dbpedia.org/resource/Kabwe,city
1451,Mufulira,http://dbpedia.org/resource/Mufulira,city
1452,Kitwe,http://dbpedia.org/resource/Kitwe,city
1453,Lusaka,http://dbpedia.org/resource/Lusaka,city
1454,Chingola,http://dbpedia.org/resource/Chingola,city
1455,Asia,http://dbpedia.org/resource/Asia,continent
1456,Africa,http://dbpedia.org/resource/Africa,continent
1457,Europe,http://dbpedia.org/resource/Europe,continent
1458,South_America,http://dbpedia.org/resource/South_America,continent
1459,North_America,http://dbpedia.org/resource/North_America,continent
1460,Australia,http://dbpedia.org/resource/Australia,continent
